site,wildtype,AAA,AAC,AAG,AAT,ACA,ACC,ACG,ACT,AGA,AGC,AGG,AGT,ATA,ATC,ATG,ATT,CAA,CAC,CAG,CAT,CCA,CCC,CCG,CCT,CGA,CGC,CGG,CGT,CTA,CTC,CTG,CTT,GAA,GAC,GAG,GAT,GCA,GCC,GCG,GCT,GGA,GGC,GGG,GGT,GTA,GTC,GTG,GTT,TAA,TAC,TAG,TAT,TCA,TCC,TCG,TCT,TGA,TGC,TGG,TGT,TTA,TTC,TTG,TTT
1,ATG,70,69,25,70,450,13,57,21,29,28,36,42,67,25,128638,81,32,4,13,19,0,0,0,0,10,5,40,61,2,2,12,8,1053,17,56,157,14,10,7,14,35,791,35,20,44,33,24,63,42,19,10,49,4,2,0,11,55,130,51,383,25,24,24,90
2,AAG,18,4,133018,4,0,1,11,0,1,4,8,0,4,2,8,1,7,4,10,0,0,0,0,1,2,3,5,3,10,0,0,1,0,4,16,0,0,1,0,0,4,1,11,2,1,2,0,0,2,5,11,0,2,2,5,0,9,4,1,0,3,0,1,0
3,ACT,2,0,0,2,10,42,0,133067,0,0,1,1,0,0,0,4,3,1,0,1,1,7,0,3,0,0,0,0,3,0,0,3,4,0,0,0,0,0,0,21,0,2,1,0,0,1,0,0,1,0,0,0,0,0,10,3,3,2,0,0,0,1,2,0
4,ATC,0,2,0,0,0,29,0,0,0,0,0,0,2,133139,2,1,0,1,0,3,1,0,0,0,2,0,0,0,0,1,2,0,5,0,1,0,2,1,0,0,2,0,0,9,2,2,0,3,0,3,0,1,0,0,0,0,0,0,0,0,0,1,0,1
5,ATT,0,0,0,0,2,1,2,9,0,0,0,1,8,6,1,133148,0,0,7,0,0,0,0,0,0,0,0,0,0,0,1,0,0,0,0,0,1,0,0,0,12,0,1,0,0,0,1,3,10,0,0,0,0,1,0,0,2,0,3,0,0,0,0,0
6,GCT,0,0,0,0,0,0,0,13,0,0,0,0,0,0,0,0,0,0,0,0,0,0,0,0,0,1,0,0,0,0,0,0,0,0,0,3,0,20,21,133154,0,0,0,1,0,0,1,2,0,0,0,0,0,0,0,2,0,0,0,0,0,0,0,0
7,TTG,0,8,0,0,0,0,0,0,0,20,0,1,1,0,1,7,0,3,1,1,2,0,3,5,0,0,1,0,0,3,8,0,12,1,1,0,1,1,0,1,1,0,1,1,1,0,1,1,0,0,2,2,1,0,6,0,0,1,4,1,8,2,133068,23
8,AGC,0,10,0,0,0,2,0,0,6,133145,1,6,0,1,0,0,1,8,0,0,0,0,0,0,0,0,0,0,0,0,0,0,0,0,0,0,0,0,3,0,0,18,0,0,0,0,0,0,0,3,0,0,0,4,1,0,0,3,0,0,0,0,1,0
9,TAC,1,6,0,20,6,0,0,0,2,2,0,0,0,0,2,0,0,45,0,0,0,1,98,0,0,0,0,0,0,0,0,0,0,28,0,0,0,4,0,0,1,2,2,5,0,5,3,0,1,132913,0,3,0,1,0,0,35,15,0,1,0,4,3,2
10,ATT,0,0,0,3,0,0,1,80,1,0,1,3,5,9,2,133006,0,3,0,5,7,0,1,0,3,0,0,0,0,7,0,4,1,0,5,0,1,29,1,0,0,0,0,0,5,8,0,8,0,0,0,0,1,0,1,0,0,1,0,0,0,0,0,9
11,CTA,9,4,5,1,9,0,1,1,2,0,0,1,5,0,2,1,3,6,0,1,344,28,3,0,22,14,1,0,132653,5,7,0,31,0,6,0,0,0,0,2,0,1,0,0,4,0,1,0,6,8,0,1,0,0,0,0,0,0,0,0,6,0,0,0
12,TGT,0,4,0,0,0,0,0,0,0,2,0,3,0,4,1,0,0,0,0,0,0,0,0,0,1,6,0,5,1,0,0,0,0,1,0,0,1,0,0,0,1,2,0,3,0,0,0,0,0,0,1,14,0,1,0,0,24,15,0,133107,0,0,0,5
13,CTG,0,0,0,0,0,0,0,0,0,0,1,0,0,0,11,0,0,0,2,0,0,1,35,2,0,1,1,0,23,0,133066,7,0,0,0,0,0,0,0,0,0,0,0,0,0,0,0,0,0,0,0,0,0,0,0,0,0,0,0,0,0,10,5,0
14,GTT,0,0,0,1,0,0,0,1,0,0,1,1,0,0,0,14,0,4,0,9,0,0,0,0,0,2,2,0,6,0,0,1,0,0,0,1,1,4,1,32,7,0,3,11,1,6,12,132956,3,0,2,0,0,1,0,0,8,0,0,1,26,0,2,0
15,TTC,2,0,0,1,1,1,1,0,5,0,1,0,1,3,0,61,2,8,1,1,0,2,3,11,0,7,1,0,0,20,1,0,0,1,0,0,6,1,0,0,1,26,7,5,0,5,1,5,1,7,1,1,2,22,1,0,0,120,0,0,3,132799,2,32
16,GCT,0,0,0,0,0,0,5,94,0,2,0,0,0,0,0,0,0,1,0,0,0,0,1,0,0,0,0,0,0,0,0,0,0,0,0,5,6,54,5,132933,2,0,20,0,0,0,0,8,0,0,0,0,0,3,0,29,2,0,0,0,0,0,0,0
17,CAA,4,2,0,0,4,7,2,9,0,1,0,0,1,0,1,2,132122,2,21,3,1,0,0,1,16,1,0,0,1,5,0,0,7,1,2,6,0,15,6,20,0,0,151,3,1,0,4,0,9,0,1,2,1,2,0,5,0,1,0,1,1,0,1,757
18,AAA,133007,32,9,7,3,4,0,0,2,4,0,0,0,0,0,0,12,8,6,31,0,7,0,4,0,1,1,0,13,0,0,1,5,2,4,0,6,1,1,0,8,5,4,0,0,0,0,0,0,0,0,0,1,0,1,0,8,0,1,5,0,0,0,0
19,CTT,0,1,0,0,7,0,0,0,0,0,0,0,12,0,0,13,1,6,1,9,0,1,0,16,0,1,0,5,3,16,7,133039,0,0,0,3,4,0,0,1,1,0,0,0,0,1,4,0,0,1,1,0,1,0,2,1,5,0,5,0,2,1,0,6
20,CCT,0,30,0,1,4,1,5,8,0,0,6,0,0,0,0,0,3,51,0,9,2,25,4,132957,0,0,1,1,13,2,0,3,2,0,0,0,2,1,1,0,1,0,0,3,2,3,0,3,0,0,7,0,0,0,0,9,0,0,3,0,3,1,1,1
21,GGA,0,0,0,1,0,2,1,4,13,1,0,0,2,1,2,0,2,0,0,1,6,3,4,0,0,0,11,1,4,1,2,0,25,2,1,1,2,7,1,0,132725,2,15,10,24,3,0,0,71,2,0,1,0,1,0,0,9,35,2,91,1,9,0,2
22,AAT,4,4,2,133012,3,1,2,1,2,0,0,11,0,2,0,7,4,0,0,7,0,0,1,2,0,0,0,0,0,1,16,1,0,1,1,10,0,2,0,1,0,1,0,5,27,0,3,1,0,0,0,8,0,9,1,4,2,0,1,0,0,0,2,0
23,GAC,0,17,0,0,0,2,0,0,0,0,0,0,0,0,0,0,0,2,0,5,13,0,0,0,0,0,0,0,1,1,0,0,7,133017,2,14,0,0,1,3,1,19,0,0,0,1,0,0,1,2,1,0,0,11,5,0,14,0,0,0,0,0,0,0
24,AAC,0,133056,2,19,4,4,2,1,0,6,3,0,0,8,0,1,0,3,0,0,2,23,0,3,1,0,0,0,1,2,0,4,0,11,0,0,0,0,0,0,6,14,3,0,0,2,0,0,4,0,1,3,0,0,0,4,0,0,0,0,3,0,3,0
25,AGC,0,27,0,0,0,2,0,0,2,132842,9,12,0,10,0,0,1,1,1,0,0,2,2,0,0,11,1,0,0,0,10,0,0,1,0,1,0,24,0,0,0,31,0,6,0,0,0,0,46,2,0,0,3,1,0,0,0,6,0,0,1,3,0,0
26,ACG,2,0,5,0,66,2,132984,9,1,0,5,0,20,0,30,0,2,0,0,2,0,0,2,1,0,0,1,0,1,8,0,0,0,0,0,0,0,0,8,0,0,0,0,0,0,0,0,0,0,0,1,0,0,0,0,0,25,0,0,0,0,0,0,0
27,GCA,0,0,0,0,55,0,0,0,0,0,0,0,0,0,0,0,0,0,0,0,1,0,0,15,0,0,0,0,0,0,0,0,4,0,0,0,133013,3,8,6,2,0,0,0,13,1,0,0,0,0,0,0,1,0,0,0,0,0,1,0,0,0,0,0
28,ACG,0,0,4,0,30,0,133014,6,0,0,0,0,0,0,52,0,0,0,1,0,0,0,2,0,0,0,0,0,0,2,0,0,0,0,0,0,0,0,7,0,0,0,0,0,0,0,0,0,0,4,0,3,0,0,3,0,0,0,0,0,0,0,0,0
29,CTG,0,0,0,0,3,0,0,0,0,0,0,0,0,0,4,0,2,30,5,1,0,0,40,0,0,0,10,0,20,1,133012,2,0,0,0,0,0,0,0,0,1,0,0,0,0,0,0,0,0,0,2,0,0,0,0,0,1,0,0,0,0,0,8,0
30,TGC,0,2,6,0,0,0,0,0,0,0,0,0,0,0,0,0,0,0,0,0,0,1,0,0,0,5,0,0,0,0,0,0,0,0,0,0,0,0,0,1,1,0,0,2,0,3,0,0,15,11,20,0,0,1,0,0,11,132986,3,29,0,2,0,0
31,CTT,0,0,0,0,0,0,0,0,0,0,0,0,0,5,0,12,0,0,0,5,0,4,0,24,2,0,0,4,8,18,0,133088,0,0,0,2,0,0,0,0,0,0,0,0,1,1,0,1,0,0,10,0,0,0,0,0,27,0,0,0,2,0,0,3
32,GGG,0,0,0,0,0,0,0,0,0,12,4,1,0,0,0,0,0,0,0,0,0,0,0,0,0,0,0,0,0,0,0,0,0,0,13,0,0,0,0,0,19,5,132913,9,0,0,3,0,0,0,0,0,0,0,0,0,3,0,3,0,0,0,0,0
33,CAC,1,0,0,0,0,0,0,0,1,0,2,0,0,0,0,0,1,133075,0,35,0,0,0,1,0,6,0,0,0,1,0,0,0,1,0,0,0,0,0,0,0,0,0,1,0,0,0,0,0,30,13,2,0,0,0,0,0,0,4,0,0,0,0,0
34,CAT,0,0,0,4,0,0,0,0,0,0,0,0,0,0,2,0,3,10,0,133124,0,0,0,2,0,0,0,7,1,2,3,0,0,0,0,1,0,0,0,0,1,0,1,0,0,0,0,0,13,0,0,17,1,0,0,2,0,0,1,0,0,0,0,0
35,GCA,0,1,0,0,34,0,0,2,0,0,0,0,0,0,0,0,0,0,0,0,0,0,0,0,0,0,6,0,0,0,0,0,4,1,0,0,132821,0,28,3,1,3,0,0,75,0,0,0,155,1,4,0,8,0,0,0,2,0,0,0,0,0,1,0
36,GTA,0,0,0,0,0,0,0,0,0,0,0,0,18,0,0,0,0,0,0,0,0,0,0,0,0,0,0,0,11,0,0,0,1,0,0,0,17,2,0,0,0,0,0,0,133110,1,16,10,16,0,1,0,0,0,0,0,4,0,1,0,6,0,0,0
37,CCA,0,0,1,2,3,5,3,0,0,0,0,3,0,0,0,0,5,1,0,3,132992,4,15,2,4,0,0,0,7,0,3,5,1,0,0,0,0,0,1,6,0,0,0,0,1,0,0,1,11,0,27,0,4,0,0,0,2,0,0,0,1,0,2,0
38,AAC,18,133133,4,18,0,10,0,0,0,8,4,0,0,0,0,0,0,0,0,0,0,0,0,0,1,0,0,4,0,0,0,0,1,5,0,0,0,0,0,0,0,3,0,0,0,0,0,0,0,0,0,0,1,0,0,0,0,0,0,0,0,0,0,0
39,GGA,0,0,0,0,0,0,0,0,16,0,0,2,0,5,0,0,7,0,0,0,1,4,0,0,0,0,0,4,0,0,0,0,7,0,0,5,0,0,0,0,133022,4,17,8,1,0,0,0,5,0,1,0,0,0,0,0,8,0,0,0,0,0,1,0
40,ACG,0,0,3,0,19,2,133000,6,0,0,1,1,2,0,24,22,0,1,1,0,2,1,7,1,2,0,0,0,0,2,0,0,0,0,3,0,0,0,10,0,0,0,0,0,1,1,0,1,0,5,3,4,1,0,0,0,9,0,0,1,2,2,0,0
41,ATA,1,1,0,0,11,0,2,0,0,0,0,0,133115,0,41,3,0,2,1,1,0,0,0,0,0,1,0,1,0,0,2,0,1,0,0,0,0,0,0,0,3,0,0,0,13,0,0,0,2,0,1,1,0,0,0,0,0,0,1,0,0,0,2,0
42,GTG,0,0,0,0,0,0,1,0,0,0,0,0,0,0,7,1,34,0,0,0,0,1,0,0,0,0,0,1,0,0,0,0,0,0,2,0,0,0,8,0,0,0,1,0,28,0,132875,0,0,0,1,0,0,0,0,0,0,0,0,0,0,0,0,0
43,AAA,132837,3,16,1,5,1,106,2,18,0,0,2,1,0,1,0,0,0,15,0,0,1,0,0,3,9,0,1,0,0,0,0,24,1,1,0,0,0,2,0,0,0,0,2,0,0,0,0,4,0,3,7,0,0,0,8,23,0,0,0,0,0,0,0
44,ACA,1,0,0,0,132911,207,17,0,0,0,0,0,7,0,0,0,3,0,1,0,3,0,0,0,5,0,0,6,0,0,0,0,0,0,1,0,14,1,0,0,0,0,0,0,0,0,0,0,1,0,1,0,0,0,2,9,0,0,0,7,5,0,0,0
45,ATC,0,3,0,0,0,9,0,1,0,2,0,0,7,133159,1,5,0,0,0,0,0,0,0,0,3,0,0,0,0,3,0,0,0,0,0,2,0,0,0,0,0,0,0,0,1,13,0,0,0,0,4,0,3,0,2,0,0,0,0,0,0,1,0,2
46,ACG,0,2,6,0,13,1,133005,17,0,2,1,0,0,0,15,0,0,0,0,0,0,0,1,0,0,0,1,0,0,1,0,1,0,0,0,1,0,0,17,0,1,0,0,0,0,0,0,0,1,0,66,0,0,0,1,0,5,0,1,0,0,0,0,0
47,AAT,3,10,0,133132,0,0,1,0,0,0,0,5,0,0,1,2,0,1,0,1,0,0,0,0,2,0,0,0,1,0,2,0,2,0,0,14,0,0,0,0,1,2,0,0,0,0,0,0,0,0,0,0,0,0,0,0,0,2,0,0,0,0,0,2
48,GAC,0,6,0,0,0,0,0,0,0,0,0,0,2,0,0,0,0,0,2,0,0,0,0,1,0,0,0,0,0,0,0,0,3,133091,9,9,0,0,0,0,7,20,0,0,0,0,0,0,0,2,4,0,1,0,0,0,3,0,0,0,0,0,0,0
49,CAA,3,0,7,0,0,2,0,0,1,0,0,0,0,2,0,0,132964,2,5,1,0,0,0,7,19,4,0,3,5,4,0,1,0,3,1,0,0,6,0,0,0,0,7,1,0,1,0,0,8,0,33,0,0,0,0,3,4,2,0,0,0,0,0,3
50,ATT,0,1,0,3,6,5,2,2,0,0,0,0,0,5,1,133051,1,0,0,0,0,0,0,0,0,0,0,0,0,0,0,9,0,0,0,0,0,0,0,1,0,0,0,0,1,0,6,7,19,0,2,0,0,0,0,0,25,0,0,0,0,0,9,6
51,GAA,11,0,5,0,0,0,0,0,0,0,0,0,0,0,1,0,1,0,0,0,2,0,0,0,0,0,0,2,6,0,0,0,132925,28,11,8,13,1,5,1,16,0,0,0,0,1,0,0,53,1,3,1,0,0,0,0,5,0,0,0,0,0,1,0
52,GTT,1,0,0,0,0,1,0,0,0,0,0,5,1,0,6,9,0,0,2,0,0,0,0,0,4,0,0,0,0,0,0,0,0,0,0,0,0,0,3,2,0,0,0,0,7,37,2,133085,0,0,6,9,0,0,0,5,3,0,0,1,5,0,0,2
53,ACT,0,0,0,5,10,43,2,133054,0,0,0,1,2,3,0,2,13,0,0,0,0,0,2,0,1,0,0,0,18,0,2,0,1,1,0,0,0,0,0,9,0,0,0,0,2,1,3,1,7,5,1,0,0,0,0,3,0,0,0,0,1,0,0,0
54,AAT,7,8,0,133041,14,35,4,1,3,0,0,5,0,0,0,0,0,0,0,0,0,0,0,0,0,0,0,0,0,0,0,0,0,1,0,9,0,0,0,0,0,0,0,0,0,0,0,1,10,7,2,0,0,0,4,5,0,0,0,2,0,1,0,0
55,GCT,0,0,0,0,0,0,0,9,0,1,0,0,0,0,0,1,0,0,0,2,0,0,0,0,0,0,0,0,0,0,0,2,0,0,0,3,6,19,0,132820,0,3,0,0,0,0,0,9,5,2,11,0,1,0,0,3,1,0,22,0,0,0,0,0
56,ACT,1,0,0,2,2,2,3,132524,0,3,0,0,4,0,1,5,0,13,0,0,0,0,0,3,0,0,0,0,0,2,5,0,0,0,0,0,1,0,0,11,5,0,0,0,0,0,11,4,13,14,3,0,0,2,0,3,1,0,0,0,0,0,0,0
57,GAG,0,0,8,0,2,1,0,0,0,1,0,0,0,0,0,0,0,0,0,1,0,0,0,0,0,0,0,0,3,0,0,0,11,0,131983,6,0,0,0,0,0,0,14,1,0,0,2,0,10,0,7,0,0,0,0,0,25,0,0,0,0,0,0,0
58,CTG,1,0,0,0,0,0,0,0,0,0,0,0,0,0,5,0,2,0,1,0,0,0,6,0,0,0,1,0,9,0,132832,7,0,0,0,0,0,0,0,20,0,0,0,0,0,0,92,0,0,0,1,0,0,0,0,0,3,0,0,0,0,0,16,0
59,GTT,1,0,0,0,0,0,0,0,0,0,0,0,0,0,0,17,0,0,0,0,0,0,0,0,0,0,0,0,0,0,0,1,0,0,0,119,0,0,0,16,0,0,0,1,1,21,19,132672,20,0,0,0,0,0,0,0,4,0,0,0,0,0,0,5
60,CAG,0,0,3,0,0,16,3,4,0,0,1,0,1,2,1,0,12,35,132506,4,0,0,0,0,0,0,23,0,0,0,0,0,1,0,1,0,2,0,0,0,0,0,1,0,2,2,8,0,8,1,15,8,1,0,0,0,5,0,1,0,0,0,1,15
61,AGT,1,0,1,17,9,0,0,0,0,17,5,132619,0,1,0,6,0,4,7,0,0,6,0,7,7,1,4,2,0,0,0,0,0,1,0,0,1,1,4,0,0,0,0,12,0,0,2,3,1,1,12,1,6,2,1,4,0,0,2,2,0,0,1,0
62,TCC,0,0,0,0,1,4,1,0,0,1,0,0,0,1,0,0,1,1,1,1,0,18,0,0,0,0,0,0,0,0,1,0,0,0,2,2,0,2,1,1,0,0,5,0,0,8,10,1,4,3,0,0,17,131601,0,13,1,1,6,4,0,9,1,0
63,TCA,0,0,0,0,3,2,3,7,0,1,0,0,0,0,0,0,1,2,0,6,25,0,0,0,0,0,0,0,0,0,0,16,0,0,1,0,1,0,1,0,1,1,1,0,1,0,21,0,38,1,0,0,132797,2,13,0,3,0,0,1,1,0,0,1
64,ACA,6,1,2,1,132533,6,30,0,6,2,1,0,24,0,0,0,1,1,2,0,5,3,4,1,2,2,0,1,2,0,1,0,0,3,0,0,7,0,8,0,0,0,4,0,5,0,1,0,13,0,13,0,22,0,1,0,2,1,1,1,0,5,0,0
65,GGT,0,0,0,2,0,1,0,0,0,1,0,9,0,0,0,0,0,0,2,0,1,0,0,0,1,0,0,0,2,0,0,0,0,1,0,12,0,1,0,0,9,13,2,133020,0,0,1,4,7,2,0,0,0,0,0,0,6,0,0,5,0,0,0,0
66,GAA,13,1,53,0,1,2,0,0,2,0,11,2,2,0,4,2,6,1,0,1,2,0,0,0,1,0,0,0,1,1,1,0,132861,0,4,0,6,2,1,0,12,0,0,0,5,0,4,2,38,1,19,2,2,5,0,9,17,0,0,1,5,1,0,0
67,ATA,4,0,0,0,14,0,0,0,0,0,1,0,132898,3,23,1,0,0,0,0,0,0,0,0,0,0,0,0,11,1,14,0,0,0,0,0,0,0,0,0,0,0,0,0,5,0,0,0,12,0,13,0,0,0,0,0,0,0,0,44,1,0,0,0
68,TGC,0,0,0,0,0,0,0,0,0,2,0,0,0,0,0,0,0,0,1,0,0,0,0,0,0,1,0,0,0,1,0,0,0,0,0,0,0,0,0,0,0,1,0,0,0,0,0,0,1,7,1593,0,0,1,0,0,24,131159,2,60,0,4,1,0
69,GAC,0,7,0,2,0,0,0,0,0,4,0,0,0,0,0,1,1,0,0,1,1,0,3,0,0,1,0,3,0,0,0,0,4,132920,1,15,0,0,1,2,1,9,1,4,0,1,0,0,0,4,4,0,1,0,0,0,1,0,0,0,0,0,0,0
70,AGT,7,1,0,51,0,1,1,4,1,21,2,132760,0,0,3,3,2,4,0,2,0,0,0,1,0,0,2,12,0,0,0,0,0,0,1,0,0,3,0,7,1,3,11,18,0,35,1,0,1,1,0,0,1,3,0,0,4,0,0,2,1,1,0,0
71,CCT,0,0,1,0,0,0,0,4,0,0,0,0,1,0,0,0,0,0,1,12,0,34,4,132842,0,0,0,0,0,0,0,10,0,0,0,0,0,0,0,1,0,0,1,0,0,0,0,0,3,0,2,0,0,0,0,3,5,0,0,0,2,0,0,0
72,CAT,2,2,0,4,0,0,0,0,0,0,0,4,0,0,0,0,1,17,1,132752,0,0,0,1,0,0,0,8,2,0,0,7,3,0,0,0,0,0,0,0,0,0,0,0,0,0,0,0,11,0,0,17,0,0,0,0,1,0,0,0,6,0,0,4
73,CAG,0,1,10,2,1,1,0,0,1,3,0,3,1,1,0,9,18,0,132821,5,0,0,2,5,0,0,17,0,7,11,11,11,3,34,3,0,0,4,66,1,1,0,0,0,0,2,0,0,0,0,41,1,0,0,2,0,5,0,0,0,1,0,0,0
74,ATC,0,1,1,0,0,3,0,0,0,2,0,0,2,132498,0,3,0,0,0,0,0,0,0,0,0,1,0,0,0,1,0,0,0,0,0,0,0,0,0,0,0,0,0,0,14,14,2,0,0,0,0,0,0,0,0,0,1,0,0,0,0,2,0,0
75,CTT,0,0,0,0,0,0,0,0,0,0,0,0,0,0,0,14,0,0,0,2,0,0,0,15,0,1,0,1,6,15,3,132593,2,0,0,0,208,15,0,0,0,0,0,0,8,1,6,2,0,0,0,0,0,0,0,0,9,0,0,0,0,0,3,2
76,GAT,0,27,0,9,0,0,0,0,3,0,0,0,1,0,0,0,2,0,19,0,0,0,0,0,0,0,0,0,0,0,0,0,0,8,3,132961,0,0,0,0,0,0,0,10,0,0,0,1,0,0,3,5,0,0,0,0,0,0,0,0,0,0,0,0
77,GGA,0,0,0,0,0,0,0,0,6,0,0,0,0,0,0,0,0,0,0,0,0,0,0,0,0,2,0,0,0,0,0,0,5,0,0,0,0,0,1,0,132956,9,198,0,0,0,0,0,0,0,2,0,0,0,0,0,3,0,0,0,0,0,0,0
78,AAA,133075,2,9,2,1,0,0,0,6,0,0,0,1,0,0,0,0,0,0,0,0,0,0,0,1,0,0,0,0,2,0,0,17,0,0,0,0,0,0,0,3,0,2,2,0,0,0,2,0,0,0,0,0,0,0,0,0,0,0,0,0,0,0,0
79,AAC,2,132893,0,5,0,4,0,0,0,6,0,0,0,0,0,0,0,5,0,0,1,25,0,0,0,0,0,0,0,2,0,0,0,8,0,0,1,0,0,0,0,0,143,1,0,0,0,0,0,0,22,0,3,1,0,0,3,1,1,1,0,0,0,0
80,TGC,0,0,0,0,1,0,0,0,0,0,0,0,0,0,0,0,0,0,0,0,0,0,0,0,0,4,0,0,0,0,0,0,0,0,0,0,0,0,1,0,0,0,0,0,0,0,0,0,0,29,0,0,0,0,0,0,10,132988,2,20,0,3,0,0
81,ACA,2,0,0,0,132964,4,5,1,0,0,0,0,10,0,0,0,0,0,0,0,1,0,0,0,0,0,0,0,0,0,0,2,0,0,0,0,2,0,0,0,0,0,0,0,0,0,0,0,15,0,0,0,2,0,0,0,0,0,0,0,0,0,0,0
82,CTA,0,0,0,0,0,0,0,0,0,0,0,1,3,0,0,0,0,0,0,0,25,0,0,0,0,0,0,1,132911,6,11,0,0,0,0,0,0,0,0,0,0,2,0,0,0,0,20,0,1,0,0,0,0,0,0,0,5,0,0,0,12,0,0,0
83,ATA,1,0,0,0,3,0,0,0,3,0,0,0,132770,7,26,3,0,0,0,0,0,0,0,0,0,0,0,0,1,9,0,0,0,0,0,0,0,0,0,0,0,0,0,0,5,3,71,2,1,0,2,0,0,0,0,0,6,0,0,4,0,0,0,0
84,GAT,0,0,0,3,0,0,0,0,0,0,0,3,0,0,0,0,0,1,0,0,0,0,0,0,0,1,0,0,0,0,0,0,3,14,0,132911,0,0,0,0,0,0,0,11,0,39,0,0,0,0,6,4,0,0,1,0,1,0,0,0,0,0,0,0
85,GCT,0,0,0,0,0,1,0,14,0,0,0,168,0,0,0,0,0,0,0,0,0,0,0,0,0,0,0,0,0,0,0,0,0,0,1,2,3,19,0,132890,0,0,0,0,0,0,0,11,1,0,0,0,0,0,0,5,0,0,0,0,15,0,0,0
86,CTA,0,0,0,0,0,0,0,0,0,1,0,0,3,0,0,0,2,0,0,0,14,0,0,0,0,0,0,0,133073,2,8,1,0,0,0,0,0,0,0,0,0,0,0,0,0,1,0,0,1,0,3,0,0,0,1,0,4,0,0,0,1,0,0,0
87,TTG,0,0,0,0,0,0,0,0,0,0,0,0,0,1,2,0,0,0,0,0,0,0,0,0,0,0,0,0,0,2,12,0,0,0,0,0,0,0,0,0,0,0,0,0,0,0,1,0,2,0,0,0,0,0,9,0,1,0,0,0,7,0,133119,4
88,GGA,0,0,0,0,0,0,0,0,6,0,0,0,0,0,0,0,0,0,0,0,0,0,0,0,0,0,0,0,0,0,0,0,5,0,0,0,2,0,0,0,133059,6,23,6,0,0,0,0,10,0,4,0,0,0,0,0,1,0,0,0,0,0,0,0
89,GAC,0,11,0,0,0,0,0,0,0,0,0,1,0,0,0,2,0,2,0,0,0,2,0,1,0,0,0,0,0,0,0,1,0,133109,0,17,2,1,0,0,0,16,0,0,0,0,0,0,0,3,2,0,1,0,0,0,14,0,0,0,0,0,0,0
90,CCT,0,10,0,0,0,0,0,5,0,0,0,0,0,0,0,0,0,1,0,9,6,61,1,132931,0,0,0,0,0,0,0,3,0,1,0,0,0,0,0,0,0,0,0,0,0,0,0,0,3,0,5,0,1,0,2,9,0,0,0,0,0,0,0,0
91,CAG,0,0,2,4,0,0,0,2,0,1,0,0,0,0,7,0,7,0,133025,11,0,0,1,0,0,0,24,0,0,0,4,1,0,0,2,0,1,0,0,0,0,1,6,0,0,0,0,0,7,0,5,0,0,0,1,4,4,0,0,0,0,0,3,0
92,TGT,2,0,0,0,0,0,0,0,0,0,0,1,1,0,0,0,0,0,0,0,0,0,0,0,0,0,0,6,0,0,0,0,0,0,0,0,0,0,0,0,0,1,0,1,0,0,0,0,0,0,2,3,0,0,0,0,3,19,0,133071,0,0,1,4
93,GAT,0,0,0,15,0,1,0,0,0,0,0,0,0,0,0,0,0,0,0,0,0,0,0,0,0,0,0,0,0,0,0,0,2,3,3,133121,0,0,0,0,0,0,0,18,0,0,0,3,0,0,3,3,0,0,1,0,1,0,0,0,0,0,0,0
94,GAC,0,10,0,0,0,0,1,5,0,0,18,0,0,0,1,0,0,0,0,0,0,1,0,2,0,0,0,0,0,0,0,0,62,133027,2,12,0,0,0,0,0,12,0,0,1,0,0,0,5,1,0,0,0,2,0,0,14,0,2,0,0,0,0,0
95,TTC,0,0,0,0,0,0,0,0,0,0,0,0,0,2,0,0,0,0,0,0,0,0,0,0,0,1,0,8,18,40,0,4,1,0,0,0,0,0,0,0,0,0,1,1,1,0,0,0,0,1,4,1,6,10,0,0,1,0,0,0,11,133012,9,9
96,CAA,4,0,1,1,0,1,2,3,0,1,0,0,1,0,0,0,152642,2,13,0,7,2,2,0,12,0,0,1,0,0,1,0,2,0,1,0,0,2,0,9,0,0,0,0,1,1,1,0,17,0,8,1,0,0,1,0,1,0,1,0,1,1,1,0
97,AAT,3,102,0,152532,0,0,0,9,1,0,0,8,0,0,0,3,0,0,0,4,0,0,0,0,11,0,0,0,0,0,2,0,0,10,0,19,1,0,0,0,0,2,6,16,0,0,1,0,18,0,1,1,1,0,0,2,0,1,0,0,0,0,0,1
98,AAG,14,0,152629,9,0,0,1,1,0,1,10,0,0,1,2,0,1,4,3,0,0,0,0,0,1,0,0,1,2,0,0,0,1,0,16,0,7,8,1,30,0,0,0,0,0,2,0,4,3,0,1,0,1,0,1,0,18,0,0,0,0,0,0,0
99,AAA,152593,1,4,0,11,17,13,0,12,0,0,0,0,0,2,0,2,11,3,0,0,0,0,0,0,6,0,0,0,0,0,0,17,0,0,1,0,3,0,0,0,0,0,0,0,0,0,0,9,0,0,0,0,0,0,0,8,0,0,0,0,0,0,0
100,TGG,0,0,0,0,0,0,4,0,0,0,7,0,0,0,1,0,1,0,0,0,0,1,0,0,1,0,6,0,0,0,0,0,0,0,0,0,0,0,0,0,0,0,0,0,0,0,0,1,1,1,9,0,0,0,0,0,16,0,152667,2,0,0,4,2
101,GAC,0,9,9,0,0,36,0,0,0,0,0,0,0,0,0,0,0,2,0,1,0,0,1,0,0,1,0,0,1,1,0,0,0,152608,1,24,1,2,0,0,2,13,0,0,0,0,0,0,5,2,0,1,2,0,0,0,1,0,0,0,0,0,0,0
102,CTT,0,0,0,0,0,0,0,0,0,0,0,0,0,1,0,2,0,0,0,4,0,3,0,56,0,0,0,5,25,12,1,152561,0,0,0,0,0,0,0,0,0,0,0,0,0,18,2,2,1,0,4,0,0,0,0,0,2,0,0,0,0,0,7,15
103,TTT,0,0,0,1,0,0,0,0,0,1,0,0,0,0,0,2,0,0,0,0,0,0,0,2,0,0,0,0,0,0,0,9,0,0,1,1,0,0,0,0,0,0,1,0,0,0,0,0,5,0,1,2,0,0,0,6,14,0,1,0,1,19,0,152653
104,GTT,0,0,0,0,0,0,0,0,0,0,0,0,5,0,0,33,0,0,0,0,0,0,0,6,0,1,1,0,0,8,1,3,0,0,0,2,1,0,3,8,0,0,0,0,6,15,0,152590,4,0,12,0,0,0,0,0,0,0,0,0,0,0,2,8
105,GAA,8,1,0,0,0,0,0,1,0,0,0,0,1,0,0,2,1,0,0,0,0,0,0,0,0,0,0,0,0,0,0,0,152680,1,16,0,0,0,0,0,10,0,0,2,1,0,0,0,2,0,0,0,1,0,0,0,3,0,0,0,0,0,0,0
106,CGC,0,0,0,0,0,0,0,0,1,5,0,0,0,0,0,0,0,49,0,0,0,0,0,0,9,152573,4,10,0,4,0,0,0,0,7,1,0,0,0,0,0,1,0,0,0,0,0,0,4,0,2,18,0,0,0,0,0,21,0,0,0,0,0,0
107,AGC,0,25,0,0,0,1,1,3,1,152544,1,56,0,4,0,0,1,0,0,0,0,0,3,0,0,3,0,0,0,0,0,0,0,1,1,0,0,0,0,0,0,9,0,0,0,0,0,0,0,0,0,0,1,0,2,1,0,0,0,0,0,0,0,0
108,AAA,152378,21,14,3,24,11,10,7,13,0,0,40,2,0,5,0,6,2,1,0,0,0,0,0,2,4,1,1,2,0,0,0,12,3,0,0,1,3,4,7,3,2,2,1,1,2,0,0,7,15,6,21,9,14,0,0,0,0,62,0,0,12,0,2
109,GCC,0,1,0,0,0,17,1,0,0,0,0,1,0,0,0,0,0,0,0,1,0,3,0,2,0,0,0,0,0,0,0,0,0,4,0,0,8,152616,1,3,0,0,31,0,0,18,0,0,1,0,0,0,0,3,0,0,13,0,0,0,0,0,0,0
110,TAC,2,8,3,0,4,11,0,3,3,0,8,1,1,0,0,1,6,68,1,9,0,0,0,0,0,6,1,0,1,0,0,1,3,5,13,0,4,0,2,9,1,0,4,1,2,2,9,4,10,152367,0,45,5,22,8,0,18,13,1,3,2,23,1,2
111,AGC,5,9,0,6,0,0,0,0,17,152569,1,15,0,3,0,0,0,0,0,0,2,1,0,0,1,6,0,0,0,0,0,0,0,0,0,0,0,2,5,1,2,8,4,0,1,0,0,0,1,0,33,0,10,4,5,0,4,5,0,0,0,0,0,0
112,AAC,2,152542,0,19,13,1,9,0,0,35,2,15,0,1,0,1,1,2,0,0,0,0,0,1,0,0,0,0,0,2,0,0,0,6,0,0,5,0,2,0,0,0,1,0,0,3,1,0,1,0,0,0,12,1,0,11,6,0,0,0,0,0,0,0
113,TGT,0,0,0,0,0,0,0,0,0,0,0,4,0,0,0,0,0,0,0,0,0,0,0,1,0,0,0,6,0,0,0,0,0,0,2,0,0,0,0,0,0,0,0,2,1,0,0,0,1,0,0,17,0,0,0,1,4,12,1,152700,0,0,0,4
114,TAC,0,0,0,0,0,0,0,0,0,0,0,0,0,2,0,0,1,21,0,0,0,0,0,0,0,0,0,0,0,0,1,0,2,1,0,0,0,2,0,0,0,0,0,0,0,0,0,28,5,152550,6,34,0,0,0,0,5,20,0,0,0,6,0,0
115,CCT,0,0,0,0,0,0,0,15,0,0,0,0,0,0,0,0,0,0,0,6,7,80,5,152490,2,0,0,2,0,0,0,3,0,0,0,0,0,1,0,1,0,0,0,0,0,2,0,0,4,0,8,0,0,0,0,14,0,0,0,0,0,0,0,0
116,TAT,0,0,0,0,0,0,0,0,0,0,0,0,0,0,0,0,0,0,0,19,0,0,0,0,0,0,0,0,0,0,0,0,0,0,0,5,0,0,0,0,0,0,0,0,12,0,0,0,12,5,10,152632,0,0,0,0,2,0,0,8,3,0,0,4
117,GAT,0,0,0,5,2,0,0,2,0,0,0,0,0,0,0,0,0,0,0,0,0,0,0,0,0,0,0,0,0,0,0,0,4,12,5,152645,0,0,0,1,0,0,0,15,0,0,0,4,3,0,0,3,0,0,0,0,2,0,0,0,0,0,0,0
118,GTG,0,0,0,0,0,0,0,0,0,0,0,0,7,0,19,2,0,0,0,0,0,0,0,0,0,0,0,0,0,0,1,9,0,0,1,0,0,0,6,1,0,0,3,0,39,5,152451,6,0,0,2,0,0,0,0,0,2,0,0,0,0,0,11,0
119,CCG,2,6,0,2,2,2,4,6,0,0,3,0,0,0,0,2,7,1,18,2,21,5,152336,7,0,0,0,4,0,1,13,0,1,27,0,4,0,26,2,5,0,0,0,0,2,0,29,4,5,1,1,0,2,1,48,0,22,0,4,0,0,1,0,0
120,GAT,0,0,0,28,0,0,0,0,0,0,0,0,0,0,0,0,2,0,0,0,0,0,0,0,0,0,0,0,0,0,0,0,0,10,1,152322,0,0,0,1,0,1,0,14,0,0,0,1,1,0,1,0,0,0,0,0,1,0,0,0,0,0,0,0
121,TAT,3,0,0,1,0,0,0,0,0,0,0,0,0,0,0,1,0,0,0,16,0,0,0,0,0,0,0,0,0,1,0,1,0,0,0,1,0,0,0,0,0,0,0,0,0,0,0,0,7,36,0,152564,0,0,0,0,2,0,0,23,0,0,0,0
122,GCC,0,0,0,5,0,49,0,10,0,5,0,0,0,0,0,0,2,0,2,4,0,0,0,0,0,0,0,0,0,0,0,0,8,2,10,1,15,152201,2,9,0,3,0,0,0,41,0,0,1,0,0,2,4,6,1,0,0,0,0,0,0,2,5,0
123,TCC,0,3,0,2,0,1,0,0,0,0,0,0,0,0,0,0,0,0,0,0,0,39,0,0,0,0,0,1,0,0,0,0,0,0,0,0,0,4,0,0,1,0,0,1,0,0,0,0,0,2,0,0,1,152621,2,8,1,1,0,0,0,4,0,0
124,CTT,0,0,0,0,0,0,0,0,0,0,0,0,0,0,0,6,0,0,0,1,0,0,0,18,0,0,0,0,1,9,2,152642,0,0,0,0,0,0,0,0,0,0,0,0,0,0,0,3,1,0,0,0,0,0,0,0,0,0,0,0,3,1,4,2
125,AGG,0,0,7,0,0,0,0,0,4,0,152482,0,0,0,5,0,0,0,0,0,0,0,0,0,0,1,11,2,0,0,1,0,0,0,0,0,0,0,0,0,0,0,23,0,0,0,1,0,5,0,53,0,0,2,0,0,0,0,0,0,0,0,0,0
126,TCA,0,0,0,2,3,0,0,1,0,0,0,0,0,0,0,0,0,0,0,0,14,0,0,3,0,0,0,0,0,0,0,0,0,0,0,0,0,0,9,0,3,0,0,0,0,1,0,0,5,1,0,1,152542,6,13,3,8,0,0,0,4,0,0,0
127,CTA,0,0,1,0,0,0,0,0,0,2,0,0,12,0,0,0,1,0,0,0,13,2,0,0,1,1,0,0,152624,1,18,1,0,0,0,1,0,0,0,0,0,0,0,0,2,0,0,0,0,0,0,0,1,0,0,0,2,0,0,1,24,0,4,0
128,GTT,0,0,0,0,0,0,0,0,0,0,0,0,6,0,0,6,0,0,0,0,0,0,0,0,0,0,0,0,0,0,0,2,0,0,0,2,0,0,0,7,0,0,0,2,25,5,0,152692,0,0,0,0,2,0,0,0,0,0,0,0,0,0,0,3
129,GCC,0,0,0,0,1,12,0,0,0,0,0,0,0,0,3,0,0,0,0,0,0,0,0,0,0,0,0,0,0,0,0,0,0,1,0,0,14,152482,1,10,1,0,0,0,0,8,0,0,0,0,0,0,0,6,0,0,0,1,0,0,0,0,0,0
130,TCA,0,0,0,0,6,0,0,0,0,0,0,0,0,0,0,0,0,0,0,0,30,0,0,0,0,0,5,0,0,0,0,0,0,0,0,0,5,3,0,0,0,0,0,0,0,0,0,0,2,0,0,0,152435,0,15,4,0,0,0,0,7,0,0,0
131,TCC,0,0,0,0,0,2,0,4,0,0,0,0,0,0,0,2,0,0,0,0,0,10,0,0,0,0,0,0,0,0,0,0,0,0,0,0,0,1,0,0,0,0,0,0,0,0,0,0,0,0,0,0,11,152643,3,39,1,0,0,0,0,17,0,1
132,GGC,0,2,0,0,0,0,0,0,0,20,0,0,0,0,0,0,2,0,0,0,0,0,0,1,0,0,0,0,0,0,0,0,36,74,0,0,0,0,0,0,6,152443,3,22,0,2,0,0,1,0,1,0,0,0,0,0,2,3,0,0,0,0,0,0
133,ACA,4,0,0,0,152497,8,12,3,2,0,0,0,8,0,0,0,0,3,0,0,1,0,0,0,0,0,0,1,8,0,0,0,0,0,0,0,7,0,1,0,0,0,0,2,0,0,0,0,16,0,0,0,1,35,1,0,1,1,0,0,0,0,0,0
134,CTG,0,0,0,0,0,0,0,0,0,0,0,0,0,0,4,0,0,0,2,0,0,0,39,0,0,0,4,0,18,1,152230,14,0,0,0,0,0,0,0,0,0,0,0,0,0,0,0,1,0,0,0,0,0,0,0,0,0,0,5,0,0,0,6,0
135,GAG,0,0,10,0,0,1,0,0,0,0,0,0,0,0,0,0,1,3,0,0,0,0,0,0,0,0,0,0,0,5,0,0,36,0,152595,3,0,0,1,0,0,0,12,0,0,0,1,0,3,0,10,0,0,1,0,0,2,1,0,0,0,0,0,0
136,TTT,0,0,0,0,0,0,0,0,0,0,0,0,0,0,0,0,0,0,0,0,0,0,0,0,0,0,0,0,0,0,0,6,0,0,0,0,0,0,0,0,0,0,0,1,0,0,0,1,21,0,0,0,0,0,0,6,0,0,0,0,1,41,2,152289
137,AAC,2,152360,0,16,0,28,30,5,1,49,0,0,3,3,1,3,0,16,1,2,0,0,0,0,2,0,0,0,0,0,2,2,0,18,1,0,0,0,0,0,0,0,2,0,1,6,3,4,1,12,0,6,0,0,0,0,5,0,0,36,0,2,0,6
138,AAT,2,3,1,152534,1,0,0,1,0,0,1,12,2,1,1,1,0,2,2,5,10,0,0,0,0,0,1,0,0,0,0,1,5,0,1,21,0,0,1,0,0,1,1,0,0,2,1,0,3,10,0,25,0,1,8,1,1,0,3,0,0,0,1,4
139,GAA,7,0,0,0,0,0,0,0,0,0,0,0,0,0,0,0,0,0,0,0,0,0,0,0,0,0,0,0,0,0,0,0,152587,4,12,0,0,0,0,0,8,0,4,0,0,0,0,13,4,0,2,0,0,0,0,0,1,0,0,0,0,0,0,0
140,AGC,2,27,1,4,0,3,0,0,39,152182,2,45,0,4,0,0,1,0,3,1,2,1,2,1,1,4,0,0,0,1,0,0,7,4,1,3,0,4,0,2,1,13,0,3,0,0,1,0,5,1,0,0,0,0,1,0,18,0,0,0,0,2,0,6
141,TTC,0,0,0,0,0,0,0,1,0,1,0,0,0,1,0,0,0,0,0,0,0,1,0,0,0,1,0,0,0,10,0,0,0,0,0,29,0,0,0,0,0,0,0,0,0,3,0,0,0,2,0,0,0,6,0,0,7,1,1,0,2,152585,0,1
142,AAT,1,4,2,152686,0,0,0,1,0,2,0,7,0,0,0,1,1,0,0,1,0,0,0,0,0,0,0,0,0,0,0,0,0,0,0,7,0,0,0,0,0,0,0,0,0,0,0,0,0,0,0,0,0,0,0,1,3,0,0,0,0,0,0,0
143,TGG,0,0,0,0,0,0,0,1,0,3,3,0,0,0,0,0,0,0,0,0,0,0,0,0,0,4,13,0,0,0,0,2,0,0,1,0,0,0,0,2,2,1,2,0,0,2,0,0,0,0,21,0,0,0,0,0,13,0,152573,2,0,0,4,0
144,ACT,0,0,1,4,3,25,1,152413,0,0,0,0,0,1,0,12,0,0,0,0,0,0,0,14,0,1,2,0,2,3,0,0,0,0,0,0,0,1,0,22,0,0,0,0,0,0,1,0,0,0,1,0,0,0,0,0,1,0,0,0,0,0,0,0
145,GGA,19,0,0,0,1,0,0,0,19,0,3,0,1,0,0,0,1,0,0,0,0,0,0,0,0,0,0,0,0,0,0,0,10,1,3,0,0,0,0,0,152274,0,38,2,5,0,1,0,1,0,0,0,0,2,0,0,5,0,1,0,0,0,0,0
146,GTC,0,0,0,0,0,0,0,0,0,0,0,0,4,15,0,0,0,1,0,1,0,0,0,0,0,0,0,0,0,0,0,0,0,2,0,0,0,10,1,0,0,0,0,0,10,152627,0,3,0,0,0,0,0,0,0,0,0,0,0,0,0,5,0,0
147,ACT,0,0,0,6,13,57,4,152550,0,2,0,6,1,0,1,13,0,0,0,0,1,0,2,2,0,2,0,0,0,0,0,0,0,0,0,0,2,0,1,14,0,0,0,0,0,0,0,0,0,0,0,0,0,0,1,3,0,0,13,0,0,0,0,0
148,CAA,2,2,0,0,0,0,0,2,0,0,0,0,0,0,1,0,152564,1,14,3,2,0,0,0,2,0,0,0,1,0,0,0,51,0,23,0,1,0,0,2,0,0,0,0,8,0,0,0,5,0,0,0,0,0,0,7,1,0,0,0,5,0,0,0
149,AAC,4,152624,0,18,0,10,0,0,0,11,0,0,0,0,2,0,0,0,0,0,0,0,0,0,0,0,0,0,0,0,0,0,1,21,0,6,5,0,0,1,2,0,0,0,0,0,0,0,0,7,1,0,0,0,0,0,0,0,0,0,0,0,0,0
150,GGA,0,1,1,0,0,0,0,0,8,1,0,0,0,0,1,0,1,0,0,5,0,0,0,0,0,0,0,2,0,0,0,0,2,0,0,0,0,0,0,0,152621,0,29,0,1,0,0,0,0,0,0,0,0,0,0,0,9,0,14,0,0,0,0,0
151,ACA,3,1,0,3,152448,3,14,9,0,3,0,0,12,0,0,1,0,0,9,1,0,3,0,0,0,0,0,2,0,0,0,0,0,0,9,0,21,0,3,0,4,0,0,0,105,40,0,2,0,0,0,0,0,0,0,0,0,0,0,0,0,0,0,0
152,AGC,0,6,1,0,0,2,0,0,1,152265,1,4,0,5,0,0,0,0,0,0,0,0,0,0,0,3,0,0,0,0,0,0,0,0,0,0,1,0,0,0,0,6,0,0,0,0,0,0,0,0,0,0,0,0,28,0,0,0,0,0,0,0,0,0
153,TCT,0,0,0,3,0,0,0,1,0,0,0,1,5,0,0,0,0,0,0,0,0,0,0,6,0,0,0,0,0,0,0,0,3,0,0,0,0,2,67,6,0,0,0,0,0,0,0,0,0,2,0,2,6,12,1,152115,0,0,0,0,0,0,0,2
154,GCT,0,0,0,1,0,1,0,123,0,0,0,0,0,0,0,0,0,4,1,8,0,0,0,0,0,0,0,0,0,0,0,0,0,0,0,2,1,14,2,151888,0,0,0,1,0,0,0,15,0,5,0,11,0,1,0,1,1,1,0,0,2,0,0,0
155,TGC,0,0,1,0,0,0,0,0,0,1,0,0,0,0,0,0,0,0,0,0,0,0,0,0,0,16,0,0,0,0,0,0,0,0,0,0,0,0,0,0,0,0,0,0,0,0,0,0,0,12,0,0,0,0,1,5,1,152222,0,29,0,2,1,0
156,ATA,1,0,0,0,14,0,2,0,1,0,0,0,152139,2,40,0,0,11,0,1,0,0,3,0,0,0,0,0,0,0,0,0,0,0,0,0,0,0,0,0,0,0,0,0,4,0,0,0,0,0,7,0,0,0,0,0,0,0,0,0,0,0,0,1
157,AGG,0,0,8,0,0,0,1,0,9,0,152436,2,0,0,4,0,0,0,0,0,0,0,0,0,0,0,3,0,0,0,0,0,0,0,0,0,0,0,0,0,0,0,5,0,0,0,0,0,0,0,0,0,1,0,0,0,0,0,1,0,0,0,0,0
158,AGA,11,30,0,8,0,0,0,0,152125,2,9,0,6,1,1,0,0,0,0,4,0,7,0,0,2,0,0,0,1,0,0,0,44,1,1,15,0,0,0,0,48,12,12,5,0,0,0,0,0,1,0,1,0,0,2,0,1,0,0,0,0,0,0,0
159,TCT,0,0,0,0,1,2,0,0,0,0,0,0,0,0,0,0,0,0,0,6,0,0,0,7,0,0,0,0,0,0,0,0,0,0,0,0,0,0,0,0,83,4,1,40,0,0,0,0,0,0,0,5,3,32,3,152389,0,0,0,0,0,0,0,2
160,AAA,152524,5,9,2,1,1,1,0,2,3,1,0,0,5,3,0,22,0,0,2,0,0,0,0,1,2,0,0,0,0,0,0,54,0,2,0,0,0,0,0,0,0,0,0,1,0,0,0,1,0,0,0,0,1,0,0,0,0,0,0,0,0,0,0
161,AAC,4,152276,1,6,0,30,0,0,0,8,1,0,0,0,0,0,0,1,0,0,31,24,31,24,0,0,0,0,0,0,0,0,1,17,0,0,12,1,4,4,0,0,0,0,0,0,0,0,0,0,0,0,5,0,0,0,0,0,0,0,2,0,0,0
162,AGT,0,0,0,6,0,0,0,0,0,19,1,152413,0,0,0,4,0,0,0,0,0,1,0,0,0,0,0,0,0,0,0,0,0,0,1,0,0,0,0,0,0,0,0,4,0,0,0,0,0,0,5,0,0,0,0,4,0,0,0,0,0,0,0,0
163,TTC,0,0,0,0,0,0,0,0,0,0,0,0,0,0,0,0,0,2,0,0,0,2,0,0,0,0,0,0,0,4,0,0,0,0,0,0,0,0,0,0,0,0,4,0,0,1,1,0,0,0,3,0,0,9,0,0,1,0,0,0,2,152581,0,6
164,TTT,0,0,0,0,0,0,0,0,1,0,0,0,0,0,0,2,0,0,0,0,0,0,0,0,0,0,0,0,0,1,0,5,0,0,0,0,0,0,0,0,0,0,0,0,1,0,0,0,7,0,0,0,0,0,0,4,0,0,0,2,3,14,0,152652
165,AGT,0,0,0,8,1,0,0,0,37,23,0,152557,0,0,3,3,0,0,0,0,0,0,0,0,0,0,0,1,0,0,0,1,0,0,1,1,0,0,0,2,0,0,0,11,0,0,0,0,0,1,0,0,0,8,0,0,0,0,0,2,0,0,0,0
166,AGA,3,2,0,0,0,0,0,0,152465,2,17,0,3,0,0,0,1,0,0,0,0,0,0,0,2,0,1,0,1,0,0,0,0,0,0,0,0,0,0,0,20,0,0,0,0,0,0,0,0,0,1,0,0,0,0,0,0,0,0,0,0,0,0,0
167,TTG,0,0,0,0,0,0,0,0,0,0,0,0,0,0,0,0,0,0,0,0,0,0,0,0,0,0,0,0,0,27,19,0,0,0,0,0,0,1,0,0,2,0,9,0,0,0,1,0,0,0,0,0,0,0,9,0,0,0,0,0,16,0,152480,1
168,AAT,1,12,1,152421,0,3,0,2,0,0,0,10,0,0,0,2,0,0,0,1,0,0,0,5,0,0,0,0,0,0,0,0,0,0,0,11,0,0,0,0,0,0,0,0,0,0,0,0,0,0,0,0,0,0,0,0,1,0,0,0,0,0,0,0
169,TGG,0,0,0,0,0,0,0,0,0,0,0,0,0,0,0,0,0,1,2,1,0,0,0,0,0,0,6,0,0,0,0,0,0,0,0,0,0,0,0,0,0,0,0,0,0,0,0,0,0,0,5,0,0,0,0,0,8,1,152557,2,0,0,3,0
170,TTG,1,0,0,0,0,0,1,1,0,0,0,0,0,0,1,2,0,0,0,1,0,0,0,0,0,0,0,0,1,3,13,5,0,0,0,0,0,0,0,0,0,0,0,0,1,0,9,0,0,0,2,0,0,0,7,0,0,0,2,0,23,0,152397,2
171,ACC,2,2,10,0,3,152053,2,28,0,2,0,0,0,9,0,0,0,1,0,0,2,3,1,0,0,0,0,0,0,0,0,0,0,0,0,0,0,20,0,1,0,0,0,2,0,0,0,0,0,0,0,0,9,2,0,0,0,0,0,0,0,0,0,0
172,CAC,0,10,0,0,0,1,0,0,0,4,0,1,0,0,0,0,8,152179,1,36,1,3,3,3,0,7,0,0,0,0,0,1,1,1,0,0,1,35,0,3,6,0,2,0,0,0,0,0,1,5,1,0,4,1,45,3,0,0,0,0,0,0,0,0
173,TTA,0,4,0,20,0,0,0,5,0,0,0,3,1,0,1,1,1,5,7,9,1,0,0,1,0,0,0,0,34,0,1,19,0,85,67,42,17,3,8,0,0,3,1,5,14,2,0,0,2,3,6,0,46,0,0,0,2,0,0,1,152130,2,6,3
174,AAC,2,152401,1,22,0,3,0,1,0,13,0,1,0,1,0,0,0,2,1,0,0,8,0,4,0,1,0,0,0,0,0,0,0,30,0,19,0,0,1,0,0,0,0,0,0,0,0,0,0,0,1,0,0,1,0,1,0,0,0,0,0,0,0,0
175,TTC,0,11,0,0,0,1,2,1,0,11,0,1,0,0,0,0,1,2,1,3,0,4,0,2,0,17,1,5,3,29,0,1,1,3,1,4,0,0,0,7,21,252,73,113,1,4,0,1,0,4,3,0,133,34,0,2,0,0,0,5,2,151856,3,4
176,AAA,152000,10,6,3,39,10,15,13,13,5,0,34,1,0,3,0,8,2,2,1,4,0,5,1,4,0,0,2,0,1,0,21,45,0,18,1,2,5,3,8,2,1,4,2,2,0,2,2,1,0,0,48,98,58,10,27,1,0,0,0,3,0,0,0
177,TAC,10,2,0,0,6,1,0,1,0,0,0,0,0,0,0,0,0,15,0,0,0,1,2,0,0,0,1,0,0,0,0,1,0,0,0,0,2,0,0,0,0,0,1,0,0,0,0,0,4,152464,2,3,0,0,0,0,0,12,1,0,0,5,1,57
178,CCA,0,3,1,0,1,0,0,0,0,3,0,0,0,0,0,0,4,4,0,3,152063,34,23,4,0,0,0,0,9,0,0,3,0,5,0,0,0,0,2,0,0,0,0,0,0,0,0,0,3,0,0,10,6,0,0,0,1,0,1,0,0,0,0,0
179,GCA,0,0,0,4,15,1,1,8,0,0,0,2,0,1,6,1,0,4,0,0,5,0,3,0,0,0,0,0,1,0,0,0,20,1,2,0,152389,3,7,4,0,0,0,0,19,0,0,0,0,2,0,0,18,7,4,2,0,1,1,0,11,2,1,0
180,TTG,0,2,0,0,0,0,1,0,0,1,0,0,0,0,5,8,68,3,151,1,0,0,0,0,0,0,0,1,0,0,6,2,0,0,0,0,0,0,0,0,1,0,0,4,0,0,2,0,1,0,10,1,0,2,11,0,2,8,0,1,19,0,152214,2
181,AAC,6,152575,2,19,0,2,0,10,0,29,0,0,0,0,0,0,0,0,0,0,0,11,0,0,0,0,0,0,0,0,0,0,3,18,2,0,0,0,0,0,0,0,0,0,0,0,0,1,0,0,3,1,1,2,0,0,7,0,0,0,0,0,1,0
182,GTG,1,0,0,1,0,0,0,0,0,0,0,0,1,1,11,0,0,0,0,0,0,0,0,0,0,0,1,0,0,0,0,1,0,0,1,1,0,0,0,0,0,0,0,0,15,0,152019,10,3,0,0,0,0,0,0,0,0,0,0,3,6,0,2,0
183,ACT,0,0,0,5,2,16,1,152525,0,3,0,5,0,0,0,8,0,0,0,0,0,0,0,0,0,0,0,0,0,0,0,0,0,0,0,0,0,0,0,17,0,0,0,0,0,2,3,0,1,0,2,0,0,0,0,7,0,0,0,0,0,0,0,0
184,ATG,0,0,1,0,0,0,2,0,0,0,3,0,56,0,152390,3,0,0,0,1,0,0,13,0,0,0,2,0,0,0,3,0,0,0,0,0,0,0,0,0,0,0,0,0,3,0,19,0,2,0,0,0,1,0,0,0,0,0,0,0,0,0,2,0
185,CCA,0,0,0,0,0,0,0,0,0,0,0,0,0,0,0,0,2,0,1,0,152588,4,14,3,0,1,0,0,2,0,0,0,0,0,0,0,1,1,0,0,0,0,0,0,1,0,0,0,0,0,0,0,24,0,0,0,0,0,0,0,0,0,0,0
186,AAC,4,152602,1,5,0,3,0,0,0,9,0,0,0,3,0,0,1,1,0,0,0,0,0,0,0,1,0,0,0,0,0,0,0,8,0,0,0,0,0,0,0,1,0,0,0,0,0,0,0,0,9,0,0,0,0,0,0,10,4,0,0,0,0,0
187,AAT,2,5,2,152609,2,0,0,1,0,1,0,4,0,0,0,0,20,1,0,1,4,0,0,0,1,0,0,0,1,0,0,0,1,1,0,8,0,0,0,0,0,0,0,0,0,0,0,0,0,0,0,2,0,0,0,0,0,0,0,0,0,0,0,0
188,GAA,7,0,0,0,0,0,0,0,0,0,0,0,0,0,0,0,0,0,0,0,0,0,0,0,0,1,0,0,0,0,0,0,152609,1,14,0,0,0,0,0,13,0,0,0,2,0,0,0,0,0,0,0,1,2,0,0,0,0,0,0,0,0,0,0
189,CAA,10,4,0,0,0,2,1,2,0,0,0,3,1,1,0,0,152588,10,10,0,1,4,0,0,8,1,1,0,0,0,0,6,3,1,0,0,0,0,0,1,0,0,0,0,3,7,0,5,3,0,0,0,0,0,0,0,0,0,0,0,1,0,0,0
190,TTT,0,0,0,0,0,0,0,0,0,0,0,0,0,0,0,0,0,1,0,2,0,0,0,1,0,0,0,0,0,0,0,9,0,0,0,0,1,1,0,1,0,0,0,0,0,0,0,0,0,0,0,0,0,0,0,16,0,0,0,1,3,13,0,147991
191,GAC,0,3,0,0,0,0,0,2,0,0,0,0,0,0,0,0,0,0,0,0,0,0,0,0,0,0,0,0,0,0,0,0,1,148004,2,7,0,0,0,0,0,17,0,0,0,2,2,0,0,3,0,0,0,0,0,0,0,0,0,0,0,0,0,0
192,AAA,148026,2,8,3,0,0,0,0,8,0,0,0,1,0,0,0,0,0,5,0,0,0,0,0,0,1,0,0,0,0,0,0,1,0,0,0,0,0,1,0,0,0,0,0,0,0,0,0,0,0,0,0,0,0,0,0,0,0,0,0,0,0,0,0
193,TTG,10,0,0,0,0,0,0,0,0,0,0,0,0,0,4,0,0,0,0,0,0,0,0,0,0,0,0,0,30,0,3,0,0,0,0,0,0,0,0,0,0,0,0,0,0,0,0,6,0,0,2,0,0,0,6,0,0,0,2,0,14,2,147956,24
194,TAC,1,0,0,0,0,0,0,0,0,0,0,0,0,0,0,0,0,15,0,0,0,13,0,0,0,0,0,0,0,0,0,0,0,0,0,0,0,0,0,0,0,0,0,0,0,0,0,0,5,147964,1,8,0,0,0,0,0,21,0,0,0,0,0,0
195,ATT,0,0,0,0,0,0,0,1,0,0,0,4,4,19,1,148002,3,1,0,0,0,0,0,0,0,0,0,0,0,1,0,1,0,0,0,0,0,0,0,0,0,0,0,0,11,11,0,8,0,0,1,0,0,0,0,0,0,0,0,0,0,0,0,1
196,TGG,0,0,0,1,0,0,0,0,0,0,1,0,0,0,0,0,0,0,0,0,0,0,0,0,0,0,6,0,0,0,0,0,1,1,0,0,0,0,0,0,0,0,0,0,0,0,0,0,31,0,8,0,0,15,0,0,9,0,147950,2,0,0,4,0
197,GGG,0,0,0,0,0,0,0,0,0,0,10,0,0,1,0,0,0,0,0,0,0,0,2,0,0,0,0,0,0,0,0,0,0,0,6,0,0,0,0,0,19,1,147965,6,1,0,15,0,0,0,3,0,4,2,0,0,0,0,3,0,0,0,0,0
198,GTT,0,0,0,0,3,0,0,0,0,0,0,0,0,0,0,18,0,0,0,0,0,1,0,0,0,0,0,0,0,0,0,1,0,0,0,2,0,1,0,7,0,0,0,5,3,19,1,147955,0,0,0,2,0,0,0,0,0,0,0,0,0,0,0,3
199,CTC,0,0,0,0,0,1,0,0,0,0,0,0,0,9,0,0,0,5,0,1,0,26,0,0,0,0,0,0,3,147954,2,5,0,0,0,0,0,0,0,0,0,0,0,0,0,0,0,0,0,0,0,0,0,0,0,0,0,0,0,0,0,15,0,0
200,CAC,0,8,0,0,0,0,0,4,0,0,0,1,1,0,3,1,3,147958,0,23,0,0,0,0,0,10,0,0,0,1,0,0,0,3,2,0,0,0,0,0,6,1,3,0,0,0,0,0,1,8,0,0,0,5,0,4,0,0,0,0,0,0,0,0
201,CCG,0,0,0,0,1,0,9,0,0,1,0,0,0,0,0,0,1,0,2,0,37,35,147863,36,0,0,1,0,0,1,8,0,0,0,0,5,0,0,2,3,0,0,0,0,0,0,1,0,0,0,1,0,2,0,10,0,0,0,0,0,0,0,1,1
202,GGT,0,0,0,1,0,0,0,0,0,2,0,17,0,0,0,0,0,1,1,0,2,2,0,2,0,0,0,0,0,0,0,0,0,0,0,36,2,5,21,103,5,20,6,147784,0,1,0,8,0,0,0,0,0,8,0,1,0,0,0,0,0,1,0,0
203,ACG,0,0,1,0,65,6,147774,11,0,4,1,0,0,1,53,0,2,1,1,0,0,8,1,0,0,0,0,0,0,0,0,0,0,2,3,0,0,0,21,0,0,0,3,0,0,0,0,0,0,0,0,5,0,1,24,2,0,0,0,19,12,2,0,0
204,GAC,0,9,0,0,0,3,1,0,0,0,0,0,2,0,0,0,1,1,0,0,2,6,0,0,0,0,0,0,2,1,0,2,5,147882,33,4,1,0,2,0,0,27,0,0,1,2,4,0,1,0,0,0,0,0,0,0,1,0,4,0,0,0,5,0
205,AAA,147573,25,21,12,12,1,8,0,8,0,0,0,6,5,0,0,59,77,5,0,1,0,0,0,1,0,0,0,0,0,1,2,62,21,44,16,0,0,16,4,11,7,1,2,0,8,9,0,0,0,0,0,1,0,5,1,0,0,0,0,1,0,0,3
206,GAC,0,16,0,0,0,0,0,0,0,0,0,0,0,0,0,0,0,0,0,0,0,0,0,0,0,0,0,0,0,0,0,0,1,147956,0,28,0,0,2,0,0,11,0,3,0,1,0,0,0,5,1,2,0,0,0,0,0,0,0,0,0,0,0,0
207,CAA,2,0,0,0,0,0,0,0,0,1,2,0,0,0,0,1,147982,2,6,1,0,0,0,0,8,0,0,0,0,0,0,1,1,0,0,0,0,0,0,1,0,0,0,0,6,0,0,0,2,0,0,0,1,0,0,0,0,0,0,0,0,0,0,0
208,ATC,107,7,0,4,1,7,0,1,0,2,0,4,4,147750,1,5,0,4,0,17,3,0,0,0,0,0,0,1,1,6,14,0,1,10,9,33,0,0,7,1,2,4,2,9,2,4,1,0,0,1,0,4,0,0,0,2,0,0,1,0,6,0,4,1
209,TTC,0,19,0,0,1,0,1,0,1,3,0,0,0,0,0,0,3,0,1,0,0,0,0,0,0,0,0,1,1,7,0,2,0,50,0,420,54,0,1,0,0,0,0,0,0,2,1,0,1,1,0,0,12,18,0,4,0,0,0,0,2,147414,8,8
210,CTG,1,0,0,0,0,0,0,0,0,0,0,0,0,0,9,0,0,0,1,0,0,0,6,0,0,0,1,0,15,0,147975,5,0,0,0,0,0,0,0,0,0,0,0,0,0,0,1,0,0,0,0,0,0,0,0,0,0,0,0,0,2,0,3,0
211,TAT,0,0,0,1,1,0,0,0,0,0,0,0,0,0,0,0,0,0,0,19,0,0,0,0,0,0,3,0,0,0,0,0,0,0,0,1,0,0,0,0,0,0,0,0,0,0,0,0,0,8,0,147977,0,0,0,0,0,0,0,9,1,0,0,3
212,GCT,0,0,0,0,0,0,0,46,0,0,0,0,0,0,0,0,0,0,0,0,0,0,0,1,0,0,0,0,0,0,0,0,0,0,0,12,6,55,1,147843,0,0,0,5,0,0,0,11,0,0,0,0,1,0,0,3,0,0,0,0,0,0,0,0
213,CAA,18,0,0,0,0,0,0,0,0,0,0,0,0,0,0,0,147974,4,18,2,3,0,0,0,14,0,0,0,1,0,0,0,0,0,0,0,0,0,0,1,0,0,0,0,0,0,0,0,3,0,0,0,0,0,0,0,0,0,0,0,0,0,0,0
214,GCA,0,0,0,0,13,0,0,0,0,0,0,0,0,0,0,0,0,0,0,0,0,0,0,0,0,0,1,0,0,0,1,0,41,0,0,0,147941,2,4,1,3,0,2,0,11,0,0,0,0,0,0,0,7,0,0,0,0,0,0,0,0,0,0,0
215,TCA,1,0,0,1,2,6,0,5,13,1,0,2,0,0,1,0,5,0,2,0,50,1,0,62,0,0,0,0,1,2,0,0,6,2,1,0,8,5,0,5,2,3,1,0,0,0,0,1,2,0,3,0,147748,3,63,3,2,0,0,0,4,1,0,0
216,GGA,0,0,0,0,0,0,0,0,8,1,0,0,0,0,0,0,9,2,0,1,1,10,3,0,0,0,0,0,0,0,0,0,12,0,0,0,3,0,0,1,147941,4,15,8,0,0,0,0,0,0,0,0,0,0,0,7,2,1,0,0,0,0,0,6
217,AGG,2,2,32,3,2,19,9,6,16,6,147567,26,3,0,37,1,11,5,15,3,20,3,0,3,6,12,5,2,1,0,0,1,5,0,0,0,7,3,0,1,10,2,32,19,3,3,23,0,1,0,0,0,2,0,26,12,0,0,0,0,8,1,0,1
218,ATC,0,2,0,0,0,9,0,2,0,0,0,0,36,147799,0,4,0,0,5,0,0,2,0,0,0,0,0,0,0,0,0,0,0,0,0,0,0,0,0,0,0,0,0,0,0,64,5,3,0,0,0,0,0,1,0,0,0,0,0,0,15,4,0,0
219,ACA,1,0,0,0,147897,6,14,2,0,0,0,1,19,0,0,1,0,0,0,0,1,0,0,0,0,0,0,0,0,0,0,0,0,0,2,0,14,0,1,0,0,1,0,0,0,0,0,5,0,0,3,0,3,0,2,0,0,0,0,0,0,0,0,0
220,GTC,0,8,1,4,0,0,0,0,0,8,0,2,0,8,0,0,0,0,0,0,0,0,0,0,0,0,0,0,0,1,0,0,0,0,8,0,0,8,0,0,0,0,0,0,6,147928,4,15,2,0,0,0,0,0,0,0,0,0,0,0,0,5,0,0
221,TCT,3,0,0,0,9,19,0,1,0,3,0,0,0,0,0,0,0,0,0,0,1,0,0,7,0,1,0,7,0,0,0,0,1,0,0,0,7,0,1,5,0,0,0,1,1,0,0,0,0,0,0,6,5,29,0,147904,0,0,0,0,0,0,0,1
222,ACC,0,1,0,0,14,148003,3,2,0,0,0,0,0,4,0,0,0,0,0,0,0,1,0,1,0,0,0,0,0,0,2,0,0,0,0,0,0,6,0,0,0,0,1,1,0,0,0,0,0,0,1,0,0,0,3,0,0,0,0,0,0,0,0,0
223,AAA,147853,3,11,4,2,0,0,2,7,0,1,3,1,0,2,0,25,0,0,0,0,0,0,0,1,0,0,0,0,4,0,0,8,0,0,0,56,4,0,1,6,3,2,0,0,0,0,0,12,2,0,0,11,18,0,3,0,1,0,0,0,1,0,0
224,AGA,14,0,0,0,0,4,1,4,147721,1,20,0,17,0,1,5,1,0,2,0,2,1,2,0,9,7,0,1,3,0,0,1,1,1,2,1,0,0,1,8,92,0,2,0,0,0,0,4,0,0,1,0,0,2,2,0,3,1,1,1,0,2,1,2
225,AGC,1,11,1,0,1,2,8,1,1,147871,2,40,0,24,0,0,1,1,0,0,0,1,0,0,0,2,0,0,0,0,0,0,0,1,1,0,0,0,0,1,0,11,2,0,1,0,0,0,0,0,2,0,0,7,1,1,1,0,0,0,0,1,0,0
226,CAA,4,0,0,2,1,0,0,1,0,4,1,1,1,0,0,1,147928,0,28,0,1,0,0,0,9,3,0,0,40,0,0,0,1,0,0,0,1,0,0,0,0,2,0,0,2,0,0,1,2,0,0,2,1,3,2,0,1,4,0,0,0,0,0,0
227,CAA,7,2,0,0,0,0,0,1,0,0,0,16,0,0,1,0,147928,1,10,0,0,0,0,0,7,0,0,0,0,0,0,0,1,0,0,0,0,1,0,0,0,0,0,0,0,0,0,0,3,0,0,0,0,0,5,0,2,0,0,0,0,0,0,0
228,ATC,0,0,0,0,1,13,0,0,0,1,0,1,5,147944,1,15,0,0,1,0,0,0,0,0,0,0,0,3,0,1,0,0,0,1,24,2,0,0,0,0,0,0,0,0,1,6,0,5,0,0,0,6,0,0,0,0,0,0,0,0,1,2,0,0
229,GTA,0,2,0,0,0,0,0,1,0,0,0,0,125,0,0,1,0,0,0,0,0,0,0,0,0,4,0,0,0,0,0,2,0,0,6,0,19,0,0,0,3,0,0,1,147782,3,30,13,0,0,0,0,0,0,0,0,2,0,0,0,13,0,0,2
230,AGC,1,10,1,1,3,2,2,5,6,147583,5,30,4,35,3,15,0,4,2,0,0,1,0,0,1,10,0,1,0,1,15,122,2,0,0,0,1,8,1,0,0,8,0,0,103,2,1,0,3,21,1,1,4,0,0,1,0,3,0,0,0,4,0,1
231,CCG,0,1,0,1,0,7,5,0,0,8,1,1,0,0,0,0,0,4,9,0,38,10,147766,6,0,0,0,0,0,0,15,0,1,1,1,56,22,6,5,9,0,4,1,2,8,2,19,5,0,0,0,3,1,1,5,3,0,6,0,0,0,0,1,0
232,AAT,2,27,4,147845,5,1,0,12,0,2,0,4,7,1,0,6,3,2,0,1,0,0,0,0,0,2,1,0,0,7,0,0,0,12,2,12,0,0,0,1,0,0,1,0,3,0,10,2,0,0,0,0,0,0,0,0,3,0,0,5,0,0,1,0
233,ATC,10,2,0,0,1,5,0,0,0,3,0,1,8,147793,1,21,0,0,0,0,0,0,0,1,0,0,0,0,3,2,3,0,3,18,29,4,0,0,0,0,2,1,0,2,0,23,5,37,2,4,1,0,1,0,1,0,0,2,1,0,5,1,0,0
234,GGA,0,0,0,0,0,0,0,0,9,0,0,2,2,0,0,10,1,3,0,0,0,5,0,0,0,18,0,0,0,0,0,0,6,4,0,1,13,4,1,0,147567,10,17,6,2,0,3,0,0,1,0,5,0,12,4,18,3,0,0,0,0,0,0,0
235,TCT,0,0,0,1,2,0,3,11,0,0,1,2,1,2,5,1,0,0,12,1,1,7,3,21,0,0,0,0,3,4,7,3,4,1,33,7,1,3,8,0,0,0,0,0,1,9,7,2,0,0,1,9,11,18,8,147662,2,0,9,0,2,11,3,6
236,AGA,10,18,0,0,2,1,1,5,147593,11,18,4,17,4,2,1,0,2,1,0,0,0,0,0,3,2,1,1,1,4,1,2,13,121,26,0,0,0,0,0,22,0,0,0,2,2,20,3,1,0,0,0,0,5,0,4,1,0,29,0,4,0,2,1
237,CCC,0,0,0,4,2,6,2,3,1,0,0,1,0,0,0,2,0,2,0,0,5,147927,3,3,0,0,0,0,0,1,0,0,0,0,0,1,2,9,2,0,0,0,0,2,0,0,0,1,3,0,0,0,0,5,0,0,0,0,0,0,0,0,13,0
238,AGA,7,4,5,0,13,1,1,1,147241,3,17,5,35,2,0,0,0,6,4,6,58,76,9,15,15,0,0,0,2,8,1,7,10,17,7,0,36,11,1,8,58,8,5,21,1,2,5,2,1,1,0,41,12,1,2,14,1,2,1,9,4,10,5,0
239,GTA,0,0,0,0,2,0,3,18,11,0,0,0,22,0,4,1,0,0,0,0,0,0,0,0,0,0,0,0,2,2,0,2,14,0,1,4,12,0,1,0,1,0,0,0,147763,1,16,3,4,1,0,0,0,0,0,0,0,0,0,3,7,0,1,4
240,AGG,0,26,11,3,2,0,1,0,10,2,147875,3,2,0,13,0,13,0,5,1,3,2,1,0,2,5,5,1,1,0,1,0,8,0,0,0,1,5,0,0,0,8,16,0,0,0,2,0,0,1,0,1,0,0,0,0,0,0,8,0,1,0,0,0
241,AAT,2,32,0,147920,0,3,1,8,0,0,0,9,0,0,1,0,2,0,3,0,0,0,1,0,10,0,0,0,0,1,0,2,0,0,0,18,0,2,0,1,0,6,2,1,0,0,0,0,0,0,0,0,0,4,0,0,0,0,0,16,2,0,1,0
242,ATC,0,1,0,4,7,59,7,0,0,15,0,0,3,147735,2,20,1,7,7,11,0,0,0,1,0,1,0,0,0,2,13,4,0,0,0,5,0,0,0,0,3,2,0,2,12,31,7,7,1,6,0,0,2,35,11,0,0,0,0,0,3,1,2,1
243,CCT,0,2,0,0,99,90,134,164,0,4,0,2,0,0,0,1,6,0,1,7,2,36,8,147313,0,0,0,0,0,0,0,4,7,10,19,26,4,1,1,3,12,4,0,29,0,0,0,0,0,3,1,0,18,1,16,8,2,0,0,0,0,1,1,0
244,AGC,0,7,0,0,1,1,1,0,2,147784,0,189,4,10,0,0,0,0,0,0,0,1,0,0,0,0,0,0,0,0,0,0,1,0,0,0,0,0,0,1,0,9,1,0,0,1,0,0,1,0,0,0,4,3,3,3,1,1,0,0,0,0,0,0
245,AGA,6,0,1,0,0,2,0,0,147831,2,27,0,1,0,28,0,0,0,0,0,0,0,0,0,0,2,3,0,0,0,0,15,0,0,0,0,0,0,0,1,12,0,0,1,0,0,0,0,0,0,0,0,0,0,0,0,0,0,0,0,0,0,0,0
246,ATA,1,0,0,3,7,0,0,0,3,0,0,0,147528,3,13,4,0,0,0,0,2,0,0,0,0,0,0,0,3,0,0,0,0,0,0,0,0,0,0,0,0,0,0,0,7,1,0,0,0,0,0,0,0,16,0,0,4,5,0,0,1,0,0,0
247,AGC,0,9,2,0,0,0,0,1,7,146041,0,14,1,3,0,38,0,0,0,0,0,1,0,1,0,0,1,0,0,0,0,0,1,3,0,0,0,0,0,0,2,15,0,0,0,0,3,0,0,0,0,0,0,5,7,8,0,2,0,0,0,0,0,5
248,ATC,0,14,0,0,0,10,0,0,0,1,0,0,1,147208,0,15,0,2,4,0,0,2,0,0,0,0,0,0,0,2,0,1,0,0,0,0,0,0,0,0,4,0,0,0,0,4,0,0,0,0,0,0,1,0,0,0,1,0,0,0,0,3,0,0
249,TAT,0,0,0,2,0,0,0,0,0,8,0,0,0,0,0,0,0,0,0,27,0,0,1,0,0,0,0,0,0,0,0,0,0,0,0,3,0,0,0,0,0,0,0,0,0,0,2,0,1,4,5,147776,0,0,0,1,0,0,0,42,0,0,0,0
250,TGG,1,0,0,0,0,0,0,0,0,0,1,2,0,0,0,0,0,7,0,4,0,0,0,0,1,0,9,1,0,0,0,0,0,0,0,0,0,0,0,0,0,0,0,0,0,0,0,2,4,0,12,5,0,0,0,0,11,0,147611,2,0,1,3,0
251,ACA,2,0,0,0,146915,2,17,1,1,0,0,0,5,0,0,0,0,0,0,0,1,0,0,0,0,0,0,0,0,0,0,0,0,0,1,0,16,0,0,0,0,0,0,0,0,0,0,0,0,0,0,0,0,0,0,0,0,0,0,5,0,0,0,2
252,ATA,0,0,0,0,10,0,0,0,0,0,0,0,147747,4,20,8,0,0,0,0,0,0,0,0,2,0,0,0,3,0,1,0,0,5,0,4,0,1,0,0,0,0,0,0,6,3,0,2,0,0,0,1,0,11,0,0,0,0,0,0,1,0,0,0
253,GTA,0,0,0,0,0,0,0,0,0,0,0,0,4,0,0,0,0,0,0,0,0,0,0,0,0,0,0,0,0,0,0,0,0,9,51,0,13,1,0,0,0,0,3,6,147697,27,20,2,0,0,0,0,0,0,0,0,0,0,0,0,4,0,0,0
254,AAA,147685,5,7,1,3,0,0,0,5,0,0,0,0,5,0,0,4,0,2,0,1,0,5,0,0,0,9,0,5,0,0,0,5,0,0,0,0,0,0,0,0,0,0,0,0,0,0,0,1,0,0,0,2,0,0,0,0,0,0,0,0,0,0,0
255,CCG,0,0,0,0,0,7,8,0,0,0,0,1,0,0,0,0,0,0,2,3,35,7,147902,7,0,0,0,0,0,0,6,0,0,0,0,0,0,0,2,0,0,0,0,0,0,0,0,0,0,0,0,0,0,0,0,0,0,0,0,0,0,0,0,0
256,GGA,0,1,0,1,0,0,0,0,7,0,0,0,0,0,0,0,0,0,0,0,3,0,0,1,0,7,0,0,1,0,0,0,5,1,0,0,0,0,0,0,147853,0,29,7,0,0,0,0,0,0,0,0,0,3,0,0,0,0,0,0,0,0,0,0
257,GAC,0,9,0,0,0,0,0,0,0,1,0,0,0,0,0,0,0,0,1,0,4,0,0,0,0,2,0,0,0,0,0,0,1,147581,0,8,1,0,0,0,0,5,0,3,2,0,0,0,0,3,3,0,0,0,0,0,1,0,0,0,0,0,0,0
258,ATA,0,3,0,0,20,1,1,15,3,0,0,0,147826,4,23,0,0,1,0,1,0,0,0,0,0,0,0,3,1,7,0,4,0,0,26,0,0,0,4,1,0,0,0,9,10,6,2,0,1,0,0,0,0,1,1,0,0,3,0,0,0,1,0,0
259,CTT,0,0,0,0,0,0,1,1,0,0,0,0,0,0,0,2,0,0,0,1,0,0,0,7,0,0,0,4,0,11,7,147848,0,34,0,0,0,0,0,0,0,0,0,0,0,0,0,0,0,0,0,0,0,0,0,0,0,0,0,0,3,0,3,4
260,TTG,0,10,0,3,1,2,1,0,0,12,0,6,3,7,31,3,3,1,8,1,0,0,0,11,0,35,2,1,6,5,23,4,2,0,3,0,17,1,4,2,1,0,0,0,19,2,3,2,0,0,2,2,3,13,16,5,0,1,0,0,19,7,147552,13
261,ATT,0,0,0,1,0,17,0,4,0,0,0,2,0,24,1,147885,0,0,0,0,0,0,0,0,0,0,0,0,0,0,0,7,0,0,0,0,0,0,0,0,0,0,0,0,0,2,1,14,0,0,0,0,0,0,0,0,0,0,0,0,0,0,0,0
262,AAC,3,147674,0,23,0,2,0,1,0,13,0,0,0,2,0,0,0,0,0,0,0,0,0,0,0,0,0,0,0,0,0,0,0,18,0,0,0,0,0,0,0,0,0,0,0,0,1,0,0,1,0,0,0,0,0,0,0,0,0,0,0,0,4,0
263,AGC,0,24,0,0,1,0,3,2,4,147233,0,11,0,0,0,0,0,0,0,0,0,0,0,1,0,1,0,0,1,0,0,0,0,0,0,0,2,2,4,4,1,15,0,0,0,4,0,0,0,0,0,0,3,7,0,2,0,3,0,0,3,1,1,0
264,ACA,4,0,0,0,147771,1,34,6,0,1,3,1,4,0,0,0,0,0,7,0,0,0,1,0,6,0,0,0,0,0,0,0,0,0,0,0,1,0,0,0,0,0,0,8,0,0,0,0,0,0,0,0,1,3,1,7,0,0,0,0,0,0,0,0
265,GGG,0,0,0,0,0,0,0,0,0,1,7,0,0,0,0,0,0,0,0,0,0,0,0,0,0,0,1,0,0,0,0,0,1,0,8,0,7,1,2,0,23,1,147654,7,0,0,2,0,1,0,0,0,0,0,0,0,0,0,7,0,0,0,1,0
266,AAT,1,18,0,147887,1,0,0,2,0,0,0,4,0,0,0,3,0,0,0,0,0,0,1,0,0,0,0,0,0,0,0,0,0,0,0,11,0,0,0,0,0,1,0,0,0,0,0,0,0,0,0,0,0,16,0,0,0,0,0,0,0,2,0,0
267,CTA,0,0,0,0,0,0,1,0,0,0,0,0,1,0,0,0,0,0,0,5,13,0,1,0,0,0,10,0,147812,26,25,1,0,0,0,0,0,0,0,0,0,0,0,0,2,0,0,0,0,0,0,0,0,0,0,0,0,0,1,0,7,10,21,2
268,ATT,0,0,2,1,4,0,0,2,1,0,0,1,11,5,0,147890,0,0,0,0,0,0,0,0,0,0,0,0,0,0,0,6,0,0,0,0,0,0,0,0,0,0,0,0,0,0,1,7,0,0,0,0,0,0,0,0,0,0,0,0,0,2,3,1
269,GCT,0,0,0,0,0,0,0,8,0,0,0,0,0,0,0,0,0,0,0,0,0,0,0,0,0,0,0,0,0,0,0,0,0,0,0,4,4,36,3,147410,0,1,0,10,0,0,2,5,0,0,2,0,0,1,0,8,0,0,0,0,0,0,0,0
270,CCT,0,6,0,0,0,0,0,3,0,3,0,0,0,3,0,0,0,4,0,8,3,20,15,147793,1,0,0,0,4,0,0,0,0,0,0,0,0,0,0,0,0,0,0,0,0,0,6,0,0,0,0,0,0,0,0,4,0,0,9,1,0,3,0,0
271,AGG,0,1,8,0,0,0,0,0,14,0,148007,0,0,0,3,0,0,0,0,0,0,0,0,0,3,1,4,1,1,0,0,0,0,0,0,0,0,0,0,0,0,0,8,0,0,0,0,0,2,3,0,0,0,0,0,0,0,0,0,0,0,0,0,0
272,GGT,0,0,0,0,0,0,0,0,0,0,0,3,0,0,0,0,0,0,1,0,0,0,0,0,0,0,0,0,0,0,0,0,0,0,0,10,0,0,0,2,1,6,8,147963,0,0,3,0,0,0,0,0,0,0,0,0,0,0,0,1,0,0,0,0
273,TAC,0,3,0,0,0,0,0,0,0,0,0,0,0,0,0,0,0,17,0,0,0,0,0,0,0,0,0,0,0,0,0,0,0,1,0,0,0,0,0,0,0,0,0,0,0,0,2,0,2,147965,1,19,0,0,0,0,0,15,0,0,0,0,0,0
274,TTC,0,0,0,1,0,0,0,0,0,0,0,0,0,2,0,0,0,0,0,0,0,3,0,0,0,0,0,0,0,16,0,0,0,0,0,3,0,0,0,0,0,0,0,0,0,4,0,0,0,6,0,19,0,25,0,0,0,2,0,0,1,147890,1,12
275,AAA,147846,4,11,0,9,5,0,1,23,0,0,3,3,0,1,0,1,0,0,0,2,0,0,0,1,0,2,0,0,0,14,0,16,0,1,0,3,0,0,1,0,0,0,0,0,0,0,0,3,0,0,9,0,2,0,0,0,0,1,2,0,0,2,0
276,ATA,0,0,0,1,1,1,0,0,0,2,0,0,147687,3,18,6,0,0,0,0,4,0,1,1,0,0,0,0,9,2,0,21,0,0,4,0,0,0,15,1,0,0,1,1,9,0,1,6,0,0,1,1,0,0,0,0,0,0,0,0,23,1,9,0
277,CGA,12,2,3,2,1,2,0,0,7,14,1,0,0,1,7,5,28,11,3,0,2,0,0,0,147677,7,27,8,14,1,3,0,2,1,0,1,0,5,1,3,10,21,5,35,1,5,0,2,0,9,0,2,7,5,4,1,21,1,0,1,8,0,0,1
278,AGT,14,4,4,18,1,0,11,3,4,6,0,144808,0,0,3,1,5,14,10,2898,0,10,6,4,15,17,1,9,0,0,0,0,4,0,0,4,2,2,0,0,1,1,8,14,0,0,0,1,0,1,0,6,0,0,7,5,0,0,1,2,0,1,0,1
279,GGG,0,0,0,0,0,0,0,0,0,2,6,0,0,0,0,2,0,0,0,0,0,0,0,0,0,0,0,0,2,0,0,0,0,0,5,0,0,3,1,2,17,2,147789,2,0,0,3,1,0,0,0,0,0,0,0,0,0,1,4,0,0,0,0,0
280,AAA,147973,5,12,3,4,0,0,1,8,0,0,0,1,0,0,0,2,1,0,1,0,0,0,0,0,0,10,2,0,0,0,0,20,0,1,0,0,0,0,0,1,0,0,0,0,0,0,0,1,0,0,0,0,0,0,1,0,0,0,0,0,0,0,0
281,AGC,0,7,8,0,0,0,0,0,2,147910,0,23,0,6,0,0,0,0,0,0,0,0,0,0,0,3,0,0,0,0,0,0,0,0,0,0,0,0,1,1,0,38,4,0,1,0,0,0,0,0,0,0,1,3,1,1,0,2,0,0,0,0,0,0
282,TCA,0,0,0,0,3,0,0,0,0,2,0,0,0,2,0,0,0,0,0,0,8,0,0,0,0,0,0,1,0,0,0,1,0,0,0,0,0,0,0,1,0,1,0,1,0,0,0,0,1,1,1,0,147916,2,8,1,0,0,0,0,3,0,0,0
283,ATA,0,0,0,0,11,0,0,0,1,0,0,0,147913,2,8,4,0,0,0,0,1,0,0,0,1,0,0,0,0,0,0,0,0,0,0,0,2,1,1,0,0,0,0,0,10,0,0,0,0,0,0,0,0,0,0,0,0,16,1,0,1,0,1,4
284,ATG,0,0,1,0,0,1,5,4,0,0,0,0,16,2,147794,28,0,0,0,0,0,0,3,0,0,0,0,0,0,3,1,0,0,0,0,0,0,0,0,1,0,0,0,0,1,0,10,0,7,0,11,1,0,0,0,0,2,0,0,0,2,0,1,0
285,AGA,15,0,0,1,3,1,0,0,144442,0,3,0,2,0,0,0,0,0,0,0,0,0,0,0,0,0,1,1,2,2,3,4,0,0,0,0,0,4,0,0,22,0,0,0,0,25,2,0,0,2,0,1,0,0,1,0,1,0,0,0,0,0,0,8
286,TCA,0,0,0,0,3,7,0,1,0,2,0,1,0,2,0,0,0,0,0,0,7,0,0,0,0,0,0,0,1,0,0,0,0,0,0,0,1,9,0,0,0,0,0,0,0,0,0,0,46,0,0,0,144420,2,48,20,3,0,0,0,7,0,0,0
287,GAT,0,0,0,4,0,0,0,0,0,0,0,0,0,0,0,0,0,0,0,0,0,0,0,0,0,0,0,0,0,0,0,0,3,6,3,144556,0,0,0,0,1,0,0,7,0,0,0,1,0,0,0,1,0,0,3,0,1,0,5,0,0,0,0,5
288,GCA,0,0,0,0,25,0,0,0,0,0,0,0,0,0,0,0,0,0,0,0,0,0,0,0,0,0,0,0,2,0,0,0,4,0,0,0,144498,2,4,4,3,0,1,1,25,2,1,1,0,0,0,0,3,0,0,0,0,0,0,0,2,0,0,0
289,CCC,0,0,0,0,0,1,0,0,0,0,0,0,0,1,0,0,0,0,0,0,5,144556,2,6,2,0,0,0,0,2,0,0,0,0,0,0,1,0,0,0,0,0,0,0,0,0,0,0,0,0,0,0,2,10,0,0,0,0,0,1,0,0,0,3
290,ATT,0,0,0,1,0,0,0,6,0,0,0,62,5,22,8,144470,0,0,0,0,6,0,0,0,0,0,0,0,0,1,2,5,0,0,0,0,0,0,0,0,0,0,0,0,0,1,2,9,0,0,0,1,0,0,0,0,0,0,0,0,0,0,0,1
291,GGC,1,0,2,3,2,0,2,3,1,9,0,2,0,2,0,0,1,0,0,0,0,0,0,0,0,0,0,0,0,0,0,0,0,23,0,0,0,0,2,0,5,144416,4,43,5,5,1,0,0,0,0,0,2,10,2,1,0,11,0,0,1,0,0,0
292,AAA,144495,5,11,1,2,0,0,0,14,3,1,0,0,0,0,1,0,0,0,1,0,0,0,2,0,2,0,3,0,0,0,0,5,0,0,0,0,0,0,2,0,0,0,0,0,0,0,0,2,0,0,0,0,1,0,0,0,0,0,0,2,6,0,0
293,TGC,0,0,0,0,0,0,0,2,0,1,0,0,0,0,0,0,0,0,0,0,0,0,0,0,0,8,0,0,0,0,0,0,0,0,0,1,0,0,0,0,0,1,1,0,0,0,5,0,0,21,0,8,0,0,2,4,1,144470,0,37,0,5,0,0
294,AAT,2,11,5,144472,6,0,0,1,0,1,0,13,0,0,0,1,0,0,0,1,0,0,0,1,0,0,0,0,6,0,0,1,0,0,0,11,0,0,0,0,0,0,0,1,0,0,0,0,0,1,0,17,0,7,0,1,17,0,3,0,0,0,1,0
295,TCT,0,0,0,0,1,0,0,2,0,0,0,0,0,5,0,9,1,2,0,0,0,0,0,4,0,0,0,1,1,2,1,0,0,2,0,0,0,0,0,0,0,0,348,0,0,1,0,3,0,0,0,3,7,48,1,144089,0,0,14,1,3,1,0,5
296,GAA,15,0,2,0,0,1,0,0,2,2,0,1,0,0,0,0,0,1,0,0,7,1,4,0,0,0,0,0,0,2,0,0,144473,6,13,1,5,2,0,0,11,1,0,0,6,2,0,0,1,0,0,0,3,0,11,0,0,0,0,0,6,1,1,0
297,TGC,0,0,0,0,0,0,0,0,0,1,0,0,0,0,0,0,0,0,0,0,0,0,0,0,0,2,0,0,0,0,0,0,0,0,0,0,0,0,0,0,0,2,0,0,0,0,0,0,0,9,0,0,2,1,0,0,7,144501,1,21,0,26,0,0
298,ATC,0,0,0,0,0,11,0,0,0,0,0,0,9,144524,0,5,0,0,0,2,0,0,0,0,0,0,0,0,2,2,0,0,0,0,0,1,0,6,0,0,0,0,0,0,4,11,1,0,0,0,0,0,0,0,0,0,0,0,0,0,0,2,0,1
299,ACT,0,0,0,3,6,19,0,144538,0,0,0,3,0,0,0,3,0,0,0,0,0,0,0,0,0,0,0,0,0,0,0,0,0,0,0,0,0,0,0,8,0,0,0,0,1,0,0,0,1,0,0,0,0,0,1,0,0,0,0,0,0,0,0,0
300,CCA,0,0,0,0,4,0,0,0,0,0,0,0,0,0,0,0,5,0,0,0,144527,2,13,4,0,0,0,0,1,0,0,0,0,0,0,0,0,1,0,0,0,0,0,0,0,0,0,0,0,0,0,0,7,0,0,0,0,0,0,0,0,0,0,0
301,AAT,5,17,2,144518,0,0,0,2,0,0,0,2,0,0,0,5,0,0,0,0,1,0,0,1,0,0,0,0,0,0,0,7,0,0,0,6,0,0,0,2,0,0,0,0,0,0,0,0,0,0,0,0,0,0,0,1,0,0,0,0,0,0,0,0
302,GGA,0,0,0,0,0,0,0,1,5,0,0,0,0,0,0,0,0,0,0,0,0,0,0,0,0,0,0,0,0,0,0,0,6,0,0,0,0,0,0,0,144490,0,29,6,1,0,0,0,0,0,0,0,0,0,0,0,1,0,2,0,0,0,0,0
303,AGC,0,11,0,0,0,0,0,0,5,144516,1,14,0,8,0,0,0,0,0,0,0,0,0,0,0,4,0,0,0,0,0,0,0,0,0,0,0,1,0,0,0,7,0,0,0,0,0,0,0,0,0,0,0,0,1,2,1,0,0,1,0,0,0,0
304,ATT,3,0,0,2,0,0,0,5,0,0,0,0,8,15,4,144530,0,0,0,0,0,0,0,0,0,0,0,1,1,0,0,1,2,0,0,0,0,0,2,0,0,0,0,0,0,0,3,7,2,0,0,0,0,0,0,0,0,0,0,0,2,0,1,2
305,CCC,5,0,0,1,0,1,2,2,0,0,0,0,12,0,1,0,0,4,3,0,6,144503,1,6,0,0,0,0,0,10,0,0,0,3,2,0,0,1,0,1,0,0,0,0,0,0,1,0,0,0,0,1,0,10,0,0,0,0,0,0,0,0,0,0
306,AAT,5,10,1,144450,9,0,0,5,0,0,1,7,9,8,0,0,0,0,0,4,0,2,0,0,0,0,0,1,0,0,0,0,0,0,0,18,2,0,0,0,1,1,2,4,0,0,0,0,0,1,0,1,6,0,0,0,1,0,0,0,1,0,0,1
307,GAC,0,17,0,0,0,5,0,0,1,0,0,0,0,0,0,2,0,1,0,3,0,0,0,0,0,0,0,1,2,0,0,0,4,144492,1,3,0,2,8,0,1,19,0,1,0,4,0,0,0,3,0,0,0,2,0,0,0,0,0,0,2,0,0,0
308,AAA,144495,8,10,0,0,0,0,0,11,0,1,0,0,0,2,0,1,0,0,0,18,0,0,0,0,2,0,0,0,0,0,1,8,0,0,0,0,0,0,0,0,0,0,0,0,0,2,0,2,0,0,0,0,2,0,0,0,0,0,0,0,0,1,2
309,CCA,0,0,1,0,3,0,0,0,0,0,0,0,0,0,0,0,5,0,0,0,144500,12,7,6,1,0,1,0,13,0,3,1,0,0,0,0,0,0,3,0,0,0,0,0,15,0,0,0,0,0,2,0,8,0,0,0,0,0,0,0,1,0,0,0
310,TTC,0,0,0,0,0,0,0,0,0,0,4,0,0,1,0,3,0,0,0,0,0,0,0,0,0,0,0,0,0,5,0,0,0,0,0,0,0,0,0,0,0,0,1,0,0,4,1,0,0,2,0,0,0,8,0,0,0,0,0,0,2,144501,0,48
311,CAA,0,0,0,0,0,0,0,0,0,0,0,0,0,0,0,0,144568,1,5,0,0,0,0,0,12,0,0,0,0,0,0,0,0,0,0,0,0,0,0,0,0,0,1,0,0,0,0,0,5,0,0,0,0,0,0,0,0,0,0,0,0,0,0,0
312,AAT,1,2,2,144537,0,0,0,3,0,0,0,6,0,0,1,1,0,0,0,4,2,0,0,0,0,3,0,0,0,0,0,0,0,0,0,3,0,1,0,0,0,0,0,0,0,1,0,0,6,0,0,2,0,0,1,0,0,0,0,1,0,0,0,0
313,GTA,0,0,0,0,0,0,0,0,0,0,0,0,14,0,1,2,0,0,0,0,0,0,0,0,0,0,0,0,9,1,0,5,0,4,0,0,7,0,0,0,0,0,0,0,144468,9,18,9,0,10,1,0,0,0,0,0,21,0,0,0,1,0,0,0
314,AAC,2,144505,2,18,0,2,0,0,0,11,0,0,0,0,0,0,0,7,0,0,0,0,0,2,0,0,0,0,0,0,0,0,0,5,0,0,0,1,1,0,0,1,0,0,0,0,0,0,0,0,2,0,0,2,0,0,0,0,0,0,0,0,0,0
315,AGG,4,0,12,1,4,0,7,0,14,3,144356,8,0,1,6,2,14,1,3,2,1,4,11,18,2,2,13,0,4,2,2,0,0,0,0,0,1,0,0,1,0,0,17,0,1,0,5,5,0,5,0,7,0,7,14,6,0,0,3,0,2,2,0,4
316,ATC,0,2,0,1,0,12,0,0,0,1,0,2,6,144525,1,9,0,0,0,0,0,0,0,0,0,0,0,0,0,1,0,0,3,0,1,1,1,0,0,0,0,0,0,0,0,21,0,1,0,0,0,0,0,0,0,0,0,0,0,0,0,1,0,0
317,ACA,21,0,0,0,144455,13,5,12,0,5,0,1,7,0,1,1,0,1,0,0,0,0,0,0,0,0,0,0,0,0,0,0,4,1,0,0,14,0,0,0,0,0,0,0,0,1,1,0,0,0,0,0,2,12,1,0,0,0,0,0,0,1,0,1
318,TAC,0,3,0,0,1,0,0,11,0,0,0,0,0,0,1,0,0,15,7,0,0,0,0,0,0,0,0,0,0,1,0,0,0,1,2,0,0,0,0,0,0,0,1,0,0,0,0,0,6,144461,2,46,0,0,0,0,1,11,1,0,0,2,0,0
319,GGG,0,0,1,0,0,0,1,0,0,0,7,0,0,0,0,0,0,0,0,0,0,0,0,0,0,0,0,0,0,0,0,0,0,0,4,0,0,0,0,0,8,6,144327,2,0,0,2,0,0,0,2,0,0,0,0,0,0,0,8,0,0,0,0,0
320,GCC,1,5,2,21,0,14,0,1,0,3,5,0,0,0,1,0,3,3,7,0,0,38,0,0,0,0,0,1,1,2,0,0,0,224,126,0,15,144023,2,15,0,11,1,0,0,26,0,0,0,0,0,1,0,1,1,0,1,0,0,4,0,1,0,0
321,TGT,0,0,0,0,0,0,0,0,0,2,0,2,0,0,0,2,0,0,0,0,0,0,0,0,0,0,0,53,0,0,0,0,0,0,1,0,0,0,0,0,3,0,0,6,0,0,0,0,0,0,0,16,0,0,0,1,0,25,2,144438,0,0,0,0
322,CCC,1,0,0,0,0,3,0,0,0,0,18,1,0,0,0,0,0,3,0,0,1,144488,1,8,0,0,0,0,0,6,0,0,0,0,0,0,0,2,0,0,0,0,0,0,0,0,0,0,0,0,0,0,1,8,0,0,0,0,0,0,0,1,0,0
323,AGA,13,4,0,1,0,0,3,2,144401,3,22,0,21,0,1,0,0,0,0,0,1,0,0,0,9,1,0,3,3,0,3,0,0,0,0,2,6,1,0,0,20,0,0,1,0,0,1,0,0,0,0,0,5,0,1,0,0,0,4,0,3,3,0,2
324,TAT,0,0,0,1,0,0,1,0,0,0,0,0,1,0,0,1,0,0,0,16,0,0,0,0,0,0,0,0,0,0,0,0,0,0,0,1,0,0,0,0,0,0,0,0,0,0,0,2,18,26,0,144476,0,0,0,0,0,0,0,12,0,2,1,0
325,GTT,0,0,0,0,0,0,0,0,0,0,0,0,0,0,0,22,0,0,0,0,0,0,0,0,0,0,0,0,0,0,0,1,0,0,0,1,0,0,2,4,0,5,0,1,1,20,12,144412,0,0,0,0,0,0,0,0,1,0,0,0,1,0,1,0
326,AAG,18,0,144293,6,0,0,2,2,11,0,8,0,0,0,4,0,0,1,0,0,1,0,0,0,180,0,13,0,0,0,4,6,0,0,13,0,7,0,1,1,0,0,0,0,1,0,1,2,2,0,8,0,0,0,0,1,0,0,0,0,0,0,1,0
327,CAA,3,0,0,0,0,0,0,0,2,0,0,0,0,0,0,0,144490,0,15,3,1,0,0,0,5,0,2,0,5,4,3,0,0,0,2,0,0,0,0,0,0,0,0,0,0,2,2,0,9,0,7,1,1,1,0,0,0,0,0,0,0,0,0,3
328,AAC,7,144438,7,13,0,13,0,0,0,6,1,0,0,0,0,0,7,3,1,0,0,10,0,2,0,1,0,1,1,1,2,0,7,9,1,0,1,1,7,0,0,0,0,1,0,0,0,0,0,0,0,0,3,3,1,1,0,0,0,1,0,0,0,1
329,ACT,0,0,0,1,5,18,5,144379,0,0,2,26,0,7,0,3,0,0,0,0,0,0,0,0,0,0,0,1,0,0,0,0,1,0,0,0,0,0,0,3,4,0,0,0,0,1,1,0,8,0,1,0,7,0,4,10,2,0,0,0,0,0,10,0
330,CTG,2,0,0,0,0,0,2,0,0,0,0,0,2,0,5,0,0,0,3,0,0,0,30,0,0,0,1,1,9,14,144394,3,0,0,0,0,0,0,0,0,0,0,0,37,0,0,17,0,0,0,0,0,0,0,0,0,1,0,0,1,9,0,7,2
331,AAA,144472,1,14,10,0,0,0,0,8,0,0,0,2,0,4,1,0,0,0,0,0,0,0,1,3,0,0,0,0,6,0,7,10,0,1,0,0,0,0,1,0,0,0,0,0,0,0,0,2,0,0,1,0,0,0,0,0,0,0,0,0,0,0,0
332,TTG,0,0,0,0,0,0,0,0,0,0,0,0,0,0,9,0,0,0,13,0,0,0,0,0,0,0,0,0,1,0,13,1,0,1,0,0,1,0,0,1,0,0,0,0,0,0,1,0,0,0,8,0,0,0,13,0,0,0,14,0,12,0,144314,5
333,GCA,0,0,0,0,19,0,0,0,0,0,0,0,0,0,0,0,11,0,0,0,2,1,0,0,0,0,0,0,0,0,0,0,5,0,0,0,144352,4,18,2,0,1,0,0,61,0,0,3,0,0,0,0,4,0,0,0,0,0,0,0,9,0,0,0
334,ACA,2,2,2,0,144314,19,77,13,0,0,0,0,24,4,0,2,2,0,11,0,3,0,5,0,0,0,0,0,2,0,6,1,1,0,0,0,7,0,0,0,0,1,0,0,1,2,3,2,0,1,0,0,0,0,0,0,0,0,0,0,0,0,0,0
335,GGG,0,0,3,0,0,0,13,0,0,0,13,0,0,0,0,0,0,0,0,0,0,0,0,0,0,0,0,1,0,0,0,0,0,0,8,0,0,0,3,0,21,10,144475,9,0,0,3,0,0,0,0,4,0,0,0,0,0,3,6,0,0,0,0,0
336,ATG,1,10,2,0,0,0,2,0,0,1,3,0,8,0,144477,2,0,0,0,0,0,0,0,0,0,0,0,0,0,0,2,0,1,0,0,6,0,0,0,0,1,0,0,0,0,0,12,0,0,0,4,0,0,0,1,0,0,0,0,0,0,0,3,0
337,CGA,1,0,2,0,0,0,0,3,17,0,0,2,0,0,0,0,9,0,0,0,0,0,2,0,144406,0,23,25,8,0,2,0,0,0,0,0,3,0,0,0,0,0,0,0,0,0,0,0,0,0,0,0,0,0,0,0,44,0,0,0,3,0,0,1
338,AAT,2,6,2,144537,0,2,0,2,0,0,0,6,0,0,0,2,0,0,0,0,0,0,0,0,0,0,0,0,3,0,1,1,0,0,0,9,0,0,1,0,1,0,0,0,0,0,0,0,0,0,0,0,1,0,0,0,0,0,0,0,0,0,0,0
339,GTA,11,2,0,0,1,0,0,0,1,0,0,2,30,2,3,6,0,0,0,0,0,0,0,0,1,0,0,38,2,3,0,3,0,0,0,0,13,2,0,0,2,0,0,0,144352,1,27,5,0,0,4,3,35,0,0,1,0,0,0,1,6,3,0,1
340,CCA,5,0,2,0,2,0,0,0,2,0,35,0,0,0,2,0,5,0,1,1,143867,12,32,7,6,1,1,2,8,4,0,10,0,0,0,0,0,1,2,2,1,1,26,4,0,1,0,0,0,0,2,0,8,0,11,0,0,3,2,0,1,0,0,0
341,GAG,1,0,6,0,1,0,0,1,9,0,2,4,1,0,0,0,2,0,0,2,5,0,7,1,0,2,0,0,0,0,0,0,12,11,143621,3,0,0,3,2,6,0,8,2,0,8,2,2,5,0,5,1,0,0,3,1,4,0,1,2,0,0,0,0
342,AAA,144109,1,26,0,1,3,0,0,13,0,6,0,0,5,0,0,1,0,1,9,5,0,1,0,0,0,2,0,0,7,1,2,20,0,0,0,1,0,1,0,0,0,0,0,3,2,163,0,0,0,2,1,0,2,8,0,0,0,0,0,0,1,7,0
343,CAA,4,4,3,2,7,3,0,0,0,4,0,0,0,0,1,0,143753,3,12,0,2,3,0,1,14,2,3,14,2,1,0,5,3,1,1,0,4,5,1,0,1,0,13,0,0,0,0,1,4,0,0,0,3,1,1,3,0,0,0,2,0,0,0,0
344,ACT,3,2,4,5,3,20,3,143885,0,2,0,0,0,0,4,7,4,0,5,3,4,1,0,13,0,0,0,7,2,1,0,0,1,0,1,0,0,3,1,9,0,0,6,3,0,0,0,0,0,3,0,2,1,1,0,2,0,1,1,0,0,0,0,0
345,AGA,7,0,0,0,0,0,0,0,137769,2,23,2,1,0,1,0,0,0,0,1,0,0,0,0,3,2,0,1,1,0,0,0,0,0,0,0,0,0,0,0,4,6,3,0,0,0,0,0,0,1,0,0,0,1,0,0,2,0,0,1,0,0,0,0
346,GGC,0,0,0,0,0,0,0,0,0,12,0,0,0,0,0,0,0,0,0,0,0,0,0,0,0,0,0,0,0,4,0,0,0,5,0,0,3,1,0,0,12,143841,3,16,0,4,0,0,0,0,3,0,0,0,0,0,2,5,0,0,0,1,0,0
347,ATA,0,0,11,0,15,0,0,0,4,0,0,0,144221,6,15,6,0,0,0,0,1,0,0,10,0,0,0,0,2,0,0,0,0,0,0,0,0,0,0,0,0,0,0,0,3,0,10,0,0,0,0,0,0,0,2,0,2,0,0,0,38,0,5,0
348,TTT,0,0,0,0,0,0,0,0,0,0,0,0,1,15,0,0,0,0,0,0,0,0,0,0,0,0,0,0,2,1,1,9,0,0,0,0,0,0,0,0,0,0,0,0,1,0,0,4,0,0,2,1,0,0,0,9,3,0,0,3,21,8,5,143763
349,GGC,5,0,1,1,0,2,0,1,2,15,1,2,0,0,0,0,0,0,0,0,1,10,0,0,0,1,1,0,0,1,1,0,0,6,1,0,0,0,0,3,7,144027,3,114,1,4,0,0,1,0,0,0,0,1,1,1,31,2,0,0,0,0,1,0
350,GCA,0,0,0,0,47,0,1,0,0,0,0,2,0,0,0,0,0,0,0,0,0,0,0,0,0,0,1,0,0,0,0,2,5,0,0,0,144182,11,27,42,6,2,0,0,8,0,0,0,0,0,0,0,4,1,0,1,1,1,0,1,13,0,2,0
351,ATC,0,0,0,0,0,7,0,0,0,1,0,0,8,144018,0,14,0,0,0,0,0,7,0,0,0,0,0,0,0,1,0,0,0,0,0,0,7,0,7,0,0,0,0,0,0,22,0,0,0,0,0,0,0,0,0,0,0,0,0,0,0,1,37,0
352,GCG,0,0,0,0,0,0,24,0,0,0,0,0,0,0,0,0,1,0,0,0,0,0,0,0,0,3,0,0,0,0,0,1,0,0,1,0,20,1,144315,14,0,0,1,0,2,0,2,0,3,0,0,0,4,3,7,0,0,0,0,0,0,0,0,0
353,GGT,0,0,0,0,0,0,0,0,0,0,0,3,0,0,0,0,0,0,0,0,0,0,0,0,0,0,0,0,0,0,0,0,1,0,0,12,0,0,0,0,0,7,13,144517,0,0,0,4,0,0,0,0,0,0,0,0,1,0,0,2,0,0,0,0
354,TTC,0,0,0,0,0,9,0,0,0,0,0,0,0,9,0,1,0,0,0,0,2,0,0,0,0,0,0,0,0,8,0,0,0,0,0,0,0,0,0,0,0,0,0,0,0,6,0,0,0,3,0,0,0,10,0,1,0,1,0,0,0,144391,1,16
355,ATA,0,15,0,0,6,0,0,0,2,0,0,1,144408,6,19,0,0,9,0,4,0,0,0,0,0,0,0,1,2,22,0,0,0,0,0,0,0,0,0,0,0,0,0,0,12,8,3,3,0,0,0,0,0,0,0,0,0,0,0,0,1,0,0,0
356,GAA,10,0,0,0,5,0,0,0,0,0,0,5,0,3,0,0,0,0,0,0,0,0,0,0,1,0,0,2,0,0,3,0,144432,4,23,2,1,0,0,16,9,0,0,0,2,0,0,10,3,0,0,0,0,0,0,0,0,0,0,0,1,0,0,0
357,AAT,1,8,0,144435,0,0,0,3,0,0,0,1,0,0,0,3,0,0,0,1,0,0,0,0,0,0,0,0,1,0,0,0,0,0,0,4,0,0,0,0,0,0,0,0,0,0,0,0,0,0,0,3,1,15,0,2,0,0,0,0,0,0,0,0
358,GGT,0,0,0,1,0,11,0,27,37,49,0,3,1,0,0,0,0,0,0,4,0,0,4,0,0,0,0,0,0,0,0,0,10,13,0,15,0,0,0,1,17,43,1,144298,0,0,0,4,0,0,0,0,0,0,0,0,1,0,0,3,0,0,0,0
359,TGG,0,1,0,0,0,0,0,0,9,0,0,0,0,0,0,0,6,0,0,0,0,0,0,0,2,2,10,2,0,0,0,0,22,0,2,0,0,0,28,0,0,0,0,0,0,9,0,0,9,0,10,0,0,0,0,0,27,0,144286,35,0,1,4,0
360,GAG,0,2,14,12,2,2,3,1,1,2,1,8,0,1,2,0,0,0,1,1,0,0,2,1,0,1,0,0,5,4,0,0,27,0,144341,15,0,0,3,0,0,0,20,0,1,2,5,3,34,4,3,0,0,4,1,0,0,0,1,6,3,0,2,4
361,GGA,1,0,0,0,0,0,0,0,18,0,0,1,0,0,0,0,0,1,0,2,0,0,0,0,0,0,2,0,0,0,0,2,18,0,0,0,0,0,0,0,144348,4,82,0,4,6,2,0,0,0,3,0,0,0,0,0,4,0,0,0,0,0,0,0
362,ATG,0,0,5,0,0,0,7,0,0,0,0,0,44,0,144327,4,0,12,0,0,0,0,0,0,0,0,0,0,6,2,18,3,0,0,0,0,0,3,0,0,0,0,0,0,0,0,2,1,6,0,0,4,0,0,0,0,0,0,0,2,2,2,9,1
363,GTG,9,1,4,1,12,3,0,3,5,3,3,1,6,2,22,4,8,5,3,2,0,0,0,0,16,11,1,5,2,4,4,1,5,1,9,1,9,7,4,1,0,0,0,0,40,0,144074,20,2,6,1,1,9,0,0,0,2,2,0,3,2,2,22,3
364,GAT,0,24,0,12,12,1,0,1,0,2,0,1,0,0,0,3,0,0,0,1,0,1,0,0,0,0,0,0,0,0,0,0,3,4,1,144464,0,0,0,3,0,0,0,6,1,0,0,1,0,0,0,11,0,0,4,0,0,0,0,2,0,2,0,0
365,GGT,0,0,0,0,0,0,0,0,0,0,0,13,0,0,0,0,0,0,0,0,0,0,0,0,0,0,0,7,0,0,0,0,0,0,0,16,0,0,1,1,5,14,2,144467,0,0,4,6,0,0,0,0,0,0,0,0,0,0,0,4,0,0,0,0
366,TGG,0,0,0,0,4,0,0,0,0,0,0,0,0,0,1,0,0,0,0,0,0,0,0,1,0,0,11,0,0,0,0,0,0,0,0,0,1,0,0,0,0,0,0,0,0,0,0,0,0,0,24,0,1,0,0,0,19,0,144465,2,0,0,3,0
367,TAC,0,0,0,0,0,0,0,0,0,0,0,0,0,0,0,0,0,18,0,0,0,2,0,0,0,0,0,0,0,0,0,0,0,0,0,0,0,0,0,0,0,0,0,0,0,0,0,0,4,144390,4,88,0,1,0,13,1,10,0,0,0,14,0,5
368,GGT,0,0,0,0,0,0,0,0,0,0,0,6,0,0,0,0,5,0,0,0,0,0,0,0,0,0,0,0,0,0,0,0,0,0,0,18,0,0,0,6,4,8,8,144426,0,0,1,1,0,32,0,10,1,7,0,18,1,0,0,5,0,1,0,2
369,TTC,8,0,3,2,0,0,0,0,0,0,0,0,0,3,0,0,0,0,0,0,0,0,0,0,0,0,0,0,0,9,0,0,1,0,0,0,0,0,0,0,0,0,0,0,0,3,0,0,0,3,0,5,1,12,10,0,0,0,1,0,1,144405,0,12
370,AGG,1,0,34,13,0,0,0,0,23,1,144359,1,0,0,10,1,0,0,2,0,0,0,0,0,3,0,17,5,4,0,0,1,0,0,1,0,0,0,0,0,0,0,55,0,0,0,0,0,0,0,0,2,0,0,0,0,0,1,5,1,0,0,1,0
371,CAT,0,0,0,2,0,0,0,1,0,0,0,0,2,0,0,0,0,35,2,144392,0,0,0,1,0,0,0,4,0,0,0,4,0,0,0,0,0,0,0,0,0,0,0,0,0,0,0,0,7,0,15,6,0,1,0,0,0,0,0,0,0,0,0,5
372,CAA,3,3,1,0,5,0,3,1,0,0,1,3,1,4,7,1,144212,3,15,7,0,1,0,0,14,6,6,0,39,1,0,1,3,0,5,5,1,3,0,2,5,0,0,1,1,7,6,5,23,3,0,4,2,0,0,2,0,1,2,0,4,90,0,13
373,AAT,2,12,2,144460,0,0,0,0,0,0,0,8,0,0,0,8,0,0,0,0,0,0,0,0,0,0,0,0,0,0,0,0,0,0,0,5,0,0,0,0,0,0,0,0,0,0,0,0,0,0,0,1,0,0,1,0,0,0,0,0,3,0,0,1
374,TCT,0,0,0,1,20,0,2,3,0,0,0,3,0,0,1,2,1,9,1,0,5,0,0,6,0,0,0,0,4,2,1,5,5,2,5,0,30,0,1,3,2,3,1,3,4,0,0,2,4,0,0,10,67,18,1,144326,0,3,0,3,4,1,3,5
375,GAG,0,0,3,0,1,0,0,0,0,0,0,2,2,0,1,0,0,0,4,0,0,0,12,1,0,0,0,2,2,0,0,0,23,0,144356,9,0,0,0,0,0,0,29,0,0,0,11,0,1,4,8,0,0,0,0,0,1,0,0,0,0,0,2,0
376,GGA,0,0,0,0,0,1,0,0,16,2,0,0,0,0,0,0,0,3,0,0,0,1,0,0,0,0,0,0,0,0,0,0,14,0,0,0,0,0,1,0,144489,0,28,3,1,0,0,0,2,0,0,0,0,0,0,0,4,0,3,1,0,0,2,0
377,AGA,17,0,0,1,4,0,0,0,144320,0,31,9,10,0,11,2,2,19,1,1,0,0,0,0,22,1,0,0,0,2,1,4,17,0,3,1,0,0,4,0,15,1,2,0,0,8,3,1,0,2,0,1,6,0,1,1,1,0,3,0,0,5,0,1
378,GGA,0,0,0,0,1,0,0,0,18,0,0,0,0,0,0,0,0,1,0,0,0,0,0,0,0,2,0,0,0,0,0,5,6,0,0,0,8,0,0,0,143694,35,36,727,1,0,0,0,0,0,0,0,0,0,0,0,7,0,0,0,0,0,0,0
379,CAA,1,0,0,0,2,0,2,3,0,0,0,0,0,0,10,4,144416,2,21,3,0,1,0,0,12,0,0,0,4,0,0,0,9,1,2,1,0,1,0,0,0,0,17,0,0,0,0,0,11,0,0,1,0,0,0,0,0,0,0,0,1,0,0,0
380,GCA,2,0,0,0,14,0,0,0,5,2,0,1,0,1,0,0,0,0,0,3,0,0,0,0,0,0,0,0,0,1,0,0,3,0,1,1,167215,10,24,2,0,0,0,0,17,0,3,11,1,0,0,0,8,4,0,0,0,3,0,4,0,0,0,0
381,GCA,3,0,0,0,15,0,1,27,0,1,0,0,0,0,0,0,0,0,0,0,28,1,1,2,0,7,0,0,0,0,0,0,3,0,0,0,167170,4,22,2,1,0,1,0,27,0,0,0,0,0,1,0,6,3,0,0,0,1,0,0,0,0,0,1
382,GAT,0,0,0,11,0,0,0,0,0,0,0,0,0,0,0,2,0,0,0,0,0,0,0,0,1,0,0,0,0,0,0,0,4,11,4,167231,0,0,2,0,0,0,0,8,0,0,0,0,0,0,0,5,0,0,0,0,0,0,44,0,0,0,0,0
383,CTC,0,0,6,0,0,2,0,1,4,0,0,6,26,4,1,0,3,6,0,0,0,31,0,0,1,7,2,3,9,167125,6,6,4,0,2,0,2,0,1,0,0,1,0,0,0,2,2,3,0,2,0,0,0,0,0,1,0,0,4,4,5,26,1,2
384,AAA,167081,4,6,0,5,2,3,2,16,1,1,5,5,2,2,2,11,6,2,4,7,19,3,1,1,5,3,1,3,2,1,2,29,1,12,8,7,13,10,2,12,1,3,7,2,1,3,5,3,6,1,1,2,5,3,2,0,0,3,0,2,0,3,0
385,AGC,0,13,0,0,30,3,0,1,1,167051,1,39,0,6,0,0,0,0,0,1,0,0,0,0,0,5,0,0,0,1,0,0,0,4,0,0,2,4,22,0,0,101,6,0,0,0,0,0,0,0,1,1,4,0,0,0,0,2,1,0,0,0,0,0
386,ACT,0,0,0,5,6,35,3,167240,0,2,0,2,0,0,0,9,5,0,0,0,0,3,0,0,0,0,0,0,0,0,0,0,0,0,0,0,0,0,0,7,0,0,0,6,0,0,0,0,0,0,0,0,4,0,2,0,0,0,0,0,0,0,0,0
387,CAA,3,0,8,0,0,0,0,0,0,0,5,5,0,0,1,0,167243,3,23,0,2,0,0,0,14,0,0,1,0,0,0,0,1,0,3,0,0,1,0,0,0,0,0,0,2,0,1,0,8,0,0,0,0,1,0,2,2,0,1,0,0,0,0,0
388,GCA,3,1,0,0,13,1,0,1,3,4,0,4,0,0,1,2,5,0,2,2,0,0,0,0,0,0,0,2,1,0,0,0,9,1,1,1,167175,3,10,3,0,1,0,0,32,0,1,3,0,3,0,0,36,1,0,1,0,0,0,0,6,0,0,1
389,GCA,0,0,0,0,21,0,0,0,0,0,0,37,0,0,0,0,0,0,0,0,0,0,0,0,0,0,0,0,0,0,0,0,2,0,0,0,167225,4,13,8,4,0,0,0,12,0,3,0,0,0,0,0,5,0,0,0,0,0,0,0,0,0,0,0
390,ATC,1,1,0,0,1,12,0,0,14,1,51,4,8,166875,14,41,6,46,9,0,0,0,0,0,2,68,6,0,2,7,1,1,0,0,3,9,0,78,4,4,0,0,0,0,15,27,4,2,0,0,0,0,1,0,0,3,3,3,0,0,8,0,1,0
391,GAT,1,0,0,45,0,10,5,3,0,1,1,4,1,0,0,0,0,0,1,0,0,0,0,0,2,2,0,0,0,1,0,0,4,29,3,167108,1,0,0,2,2,0,2,24,0,0,1,3,0,0,0,5,2,5,0,0,1,0,0,0,0,0,7,9
392,CAA,5,29,1,3,1,1,0,1,1,2,0,1,2,0,0,2,167118,2,17,1,0,0,0,0,19,0,0,0,3,2,1,2,6,0,0,0,3,0,4,2,0,4,63,1,0,0,4,4,6,0,21,15,2,2,0,0,0,0,0,1,3,1,0,1
393,ATC,0,1,0,0,0,19,0,0,0,1,0,0,2,167266,1,10,7,0,0,0,0,0,0,0,0,0,0,0,2,5,0,0,0,0,0,0,0,0,0,0,0,0,0,0,1,3,4,0,10,0,0,0,0,0,0,0,0,0,0,0,0,0,0,0
394,AAT,2,13,2,167179,0,1,0,4,1,0,0,22,1,0,0,0,3,0,1,1,0,0,0,0,3,0,0,0,0,0,0,0,1,6,0,20,0,1,1,1,0,1,3,4,0,0,0,0,0,1,0,1,3,4,0,1,0,0,0,0,0,0,0,0
395,GGG,0,0,2,1,0,0,0,2,0,0,31,0,0,0,1,0,1,0,0,0,0,0,0,0,0,0,0,0,1,0,0,0,0,0,31,1,1,0,2,0,32,4,167180,5,0,0,0,0,0,0,0,0,0,0,0,0,0,0,5,0,0,0,0,0
396,AAG,18,2,167228,24,0,0,3,0,2,0,8,0,0,0,0,0,0,1,2,0,0,0,0,0,0,1,0,1,0,0,0,0,0,0,13,0,2,0,0,0,3,1,0,1,0,0,0,0,0,2,2,0,0,0,0,0,0,0,1,1,0,0,0,0
397,CTG,0,0,0,0,0,0,0,0,0,0,0,1,2,0,8,0,0,0,1,0,0,0,37,0,0,0,0,0,15,0,167151,6,0,0,0,0,0,0,0,0,0,0,0,0,2,0,1,0,0,2,0,0,0,0,0,0,0,0,5,0,0,0,8,3
398,AAT,5,17,7,167113,2,1,3,6,4,5,1,20,0,0,1,0,0,0,3,2,0,0,0,0,0,0,1,1,1,0,0,1,0,3,0,17,2,0,9,0,73,0,0,0,1,2,1,0,0,4,0,2,0,0,2,0,0,0,1,1,1,0,0,0
399,AGA,10,0,0,2,3,0,1,0,167189,11,50,2,7,0,0,0,0,2,1,0,0,0,0,0,3,2,0,1,0,0,1,0,0,0,0,1,0,0,0,0,24,2,1,0,0,1,1,0,0,0,0,0,4,2,1,2,1,0,0,0,0,1,0,0
400,TTG,0,0,0,3,0,0,0,1,0,0,0,0,1,2,8,1,5,0,0,0,0,2,0,3,0,0,0,0,1,1,12,0,0,0,1,0,0,0,0,0,0,0,0,0,4,1,4,1,0,1,1,1,0,7,4,1,1,0,1,0,11,1,167221,6
401,ATC,0,0,0,0,0,12,2,0,0,0,0,0,10,167138,3,57,0,0,0,0,0,0,0,0,0,0,0,0,0,1,2,1,2,0,4,0,0,10,2,0,0,0,0,0,0,31,5,8,0,4,2,0,0,1,0,2,1,0,3,0,1,2,0,1
402,GGG,0,23,0,0,1,2,0,26,0,1,12,0,4,104,0,2,0,0,0,1,11,4,0,0,0,0,0,0,0,0,0,0,0,7,5,0,784,514,0,0,27,1,165471,5,1,4,12,0,0,2,1,4,2,0,3,0,1,0,13,76,3,0,0,0
403,AAA,167240,4,13,4,4,8,0,0,27,0,8,0,0,0,0,0,0,0,0,2,0,0,0,0,1,1,0,2,0,0,0,0,14,1,0,0,2,1,0,0,0,0,0,0,0,1,0,0,1,0,0,0,0,1,0,0,4,0,0,0,0,0,0,0
404,ACC,0,3,0,4,13,167250,0,8,2,9,0,1,0,5,0,0,0,0,0,0,0,11,0,0,0,0,0,1,0,0,0,0,0,0,0,0,0,10,1,5,0,0,2,1,0,0,0,0,0,2,0,1,1,6,0,5,0,2,0,0,0,0,0,0
405,AAC,7,167206,0,21,0,3,0,0,0,13,0,0,0,0,0,0,0,9,4,0,0,0,0,14,0,0,0,0,0,1,0,0,0,9,0,1,1,0,0,0,0,0,1,3,0,0,0,56,2,1,0,0,0,1,0,0,0,0,0,0,0,0,0,0
406,GAG,0,0,18,0,71,0,1,2,0,0,0,3,1,1,26,0,1,0,5,0,5,0,2,1,2,0,3,0,2,0,0,0,11,0,167075,2,0,5,4,9,3,2,15,3,0,3,2,3,0,0,4,0,0,0,0,0,0,0,1,1,2,1,1,0
407,AAA,167227,0,8,2,0,0,0,0,12,0,0,0,1,0,4,0,3,0,0,5,26,0,0,0,0,1,0,0,3,0,0,0,7,0,0,3,1,0,10,0,1,10,6,0,0,0,0,0,2,0,0,0,0,0,0,0,0,0,0,0,0,0,0,0
408,TTC,0,0,0,0,0,0,0,0,0,3,1,0,0,3,1,0,0,4,0,0,0,0,0,0,0,0,0,0,0,5,0,2,0,0,0,0,0,0,0,3,1,0,1,0,0,3,0,0,0,2,5,0,0,9,1,0,0,1,3,0,0,167301,2,7
409,CAT,2,0,1,3,0,0,0,0,0,0,0,0,0,0,0,0,0,12,1,167263,0,0,0,4,0,0,0,7,0,0,0,1,0,0,0,0,0,0,0,0,0,0,0,0,0,0,0,0,0,0,0,0,0,0,0,0,0,0,0,0,0,0,0,0
410,CAG,0,0,7,0,0,0,0,0,0,0,0,0,0,8,1,0,9,0,167218,6,0,0,1,0,0,0,14,0,0,0,3,0,0,0,2,0,1,3,1,8,26,0,1,0,0,0,0,0,11,0,10,0,4,0,0,0,0,0,0,0,0,0,0,0
411,ATT,0,0,0,1,0,0,0,6,0,0,0,0,1,14,0,167198,0,0,0,0,0,0,0,0,0,0,0,0,0,0,0,10,0,0,0,0,0,0,0,0,0,0,0,0,0,0,0,13,0,0,0,0,0,0,0,0,0,0,0,0,0,0,0,2
412,GAA,7,1,0,2,0,0,0,0,0,0,0,0,0,0,0,0,0,0,0,0,0,0,0,0,0,0,0,0,0,0,0,0,167260,3,12,0,0,0,0,0,21,0,2,0,1,0,2,1,1,0,0,0,0,0,0,0,0,0,0,0,0,3,1,1
413,AAA,161910,4,119,1,0,0,0,0,6,0,0,0,0,0,0,0,15,0,0,0,0,0,0,35,0,41,0,0,0,0,0,0,3,0,0,0,0,0,0,1,0,0,0,0,0,0,0,0,0,0,0,0,5,0,0,0,0,0,5138,0,0,0,2,0
414,GAA,12,0,0,0,0,4,0,2,0,1,0,0,1,0,0,0,2,1,1,0,1,0,0,0,0,0,0,0,0,0,0,0,167236,7,15,4,1,0,0,0,20,3,0,0,5,0,4,0,0,0,6,0,0,0,0,0,0,0,0,0,2,0,1,0
415,TTC,0,0,0,0,0,0,0,0,14,0,0,1,0,1,0,0,0,0,0,0,0,1,0,0,0,0,0,0,0,9,0,0,0,0,0,1,0,1,0,0,5,0,0,0,0,2,1,0,2,10,17,1,38,12,0,0,3,0,0,0,3,167165,0,54
416,TCA,0,0,0,2,7,0,0,0,0,5,1,0,1,0,0,0,3,0,0,2,23,0,0,0,0,7,0,0,1,4,3,0,5,0,7,4,2,0,0,0,0,0,3,5,4,0,3,2,2,0,0,1,167121,8,42,3,0,0,1,0,9,0,0,0
417,GAA,4,0,0,0,0,1,0,0,0,0,0,0,0,0,0,0,0,0,0,0,0,0,0,0,0,0,0,0,0,0,0,0,167157,5,10,2,1,0,0,0,29,0,0,0,1,0,0,0,5,0,0,0,0,0,8,0,0,0,0,0,0,0,0,0
418,GTC,0,0,0,1,1,0,0,1,2,1,2,0,0,22,0,1,0,0,1,1,0,0,0,0,0,3,1,0,1,0,1,1,0,1,1,1,16,19,45,0,0,1,1,0,21,167142,4,13,0,0,3,0,4,0,0,0,3,0,2,2,4,8,2,2
419,GAA,28,3,0,0,0,0,0,0,0,0,0,2,0,0,0,2,0,0,0,0,0,0,0,0,0,2,0,0,0,0,0,0,167199,6,21,4,2,1,0,0,7,0,0,3,0,0,0,0,2,0,0,0,0,0,0,0,0,0,0,0,0,0,0,0
420,GGG,0,0,0,0,0,0,0,0,0,0,10,0,0,0,0,0,0,0,0,0,0,0,0,1,0,0,0,0,0,0,0,0,0,0,7,0,0,0,0,0,47,0,167071,20,0,0,3,0,0,0,0,0,0,0,0,0,0,0,0,0,1,0,0,0
421,AGA,8,0,0,0,0,0,1,0,167192,0,19,0,1,0,0,2,0,0,0,0,0,0,0,0,0,0,0,2,0,0,0,0,0,0,2,0,0,0,0,0,19,0,0,0,0,0,1,0,12,0,1,0,0,0,0,0,3,0,0,0,0,0,0,0
422,ATT,4,1,1,2,0,1,0,5,0,0,0,4,3,7,9,166974,1,0,1,0,0,1,0,0,0,0,0,0,1,0,2,2,0,0,1,0,0,1,0,11,0,1,2,0,1,1,241,25,1,1,0,0,0,0,7,0,0,0,0,0,0,13,1,1
423,CAG,0,1,5,0,0,0,0,0,0,0,0,0,0,0,2,0,23,2,167081,19,1,0,0,0,0,0,46,0,0,0,2,0,0,1,0,0,0,0,0,2,2,0,3,8,0,0,0,0,0,0,12,0,0,0,1,0,0,0,0,2,0,1,0,0
424,GAC,0,65,0,0,0,0,0,1,0,3,0,2,0,0,0,1,0,0,0,0,4,0,2,0,0,1,0,0,0,0,0,0,9,167125,2,8,0,3,0,0,2,24,0,5,0,1,0,3,0,0,0,0,0,1,0,0,0,0,0,0,1,13,0,0
425,CTT,0,0,0,0,0,0,0,0,0,0,0,0,0,3,0,8,0,0,0,3,0,0,0,23,1,0,0,3,0,9,5,166820,0,0,0,0,0,0,0,0,0,5,0,0,380,1,12,3,0,0,0,0,0,0,0,1,0,0,0,0,2,0,8,6
426,GAG,0,0,10,0,0,0,0,0,1,0,5,0,0,0,0,7,0,0,0,0,0,0,0,4,1,0,0,0,0,0,1,0,30,0,167156,3,0,3,2,0,0,1,19,1,2,0,5,0,0,0,1,1,0,0,0,0,0,0,11,2,0,0,12,0
427,AAG,32,0,167120,5,1,1,5,0,0,0,13,1,0,0,4,0,0,0,1,3,0,0,0,0,1,1,0,0,1,0,1,1,0,0,8,0,0,4,1,0,0,0,49,0,1,0,3,2,0,0,0,2,3,0,0,2,0,0,2,0,0,0,4,0
428,TAT,0,0,0,0,0,0,0,0,0,0,0,0,0,0,1,0,0,0,0,15,0,0,0,1,8,0,0,0,0,0,0,0,0,0,0,3,0,0,0,0,0,0,0,0,0,0,0,0,2,5,1,167288,0,0,0,0,0,0,0,20,0,0,0,1
429,GTT,0,0,0,0,0,0,0,0,0,0,0,0,0,1,2,20,0,0,0,0,0,0,0,0,0,1,0,0,1,0,0,0,0,0,0,2,0,0,2,9,0,0,2,1,4,8,5,167089,0,0,0,0,0,0,0,0,65,3,0,1,1,1,0,3
430,GAG,0,0,9,4,0,0,0,1,0,0,0,0,0,0,0,0,0,5,0,2,1,0,1,0,0,0,0,0,0,0,0,0,20,0,167218,20,0,0,2,0,0,0,8,6,0,0,3,0,0,0,2,0,0,2,1,0,0,1,0,1,0,0,0,0
431,GAC,0,20,0,0,0,0,0,0,0,0,0,1,0,0,0,0,1,11,0,0,0,1,0,4,0,0,0,0,0,0,3,0,6,167177,28,22,0,1,1,1,1,25,0,0,0,1,0,0,1,9,0,0,0,0,0,0,0,0,0,0,0,0,4,0
432,ACT,0,0,0,7,10,24,2,167224,0,0,0,2,0,0,1,21,0,0,0,0,0,0,0,3,2,0,0,1,0,0,2,0,0,0,0,0,0,1,1,10,0,0,0,0,0,0,0,0,0,0,0,0,0,1,0,5,0,0,1,1,0,2,0,0
433,AAA,167263,3,11,2,6,0,2,0,12,0,5,1,2,0,0,1,1,0,0,0,0,0,0,0,0,0,0,0,1,0,0,3,22,0,0,0,0,0,0,0,0,1,0,4,0,0,1,1,0,0,0,0,0,1,0,0,0,0,0,0,0,0,0,0
434,ATA,0,0,3,0,13,5,0,2,2,2,0,0,167238,3,11,6,0,0,0,0,0,0,0,3,0,0,2,0,9,0,0,1,0,0,1,0,1,1,1,0,0,0,4,0,10,0,1,0,0,1,0,0,0,0,0,0,0,0,0,0,1,0,1,0
435,GAT,1,0,0,11,1,0,0,0,1,1,0,0,1,0,1,0,0,0,1,0,0,0,0,0,1,0,0,1,0,0,0,0,7,20,2,166041,0,0,4,1,0,0,0,10,0,0,1,3,0,0,1,4,0,0,0,2,0,0,1,0,0,0,0,0
436,CTC,0,0,0,0,0,1,0,0,0,0,0,0,3,12,6,24,0,5,0,0,0,11,2,0,0,1,0,0,31,166341,27,19,0,0,1,1,0,0,0,1,1,3,1,0,1,1,0,2,0,4,0,0,1,0,0,1,1,7,0,5,0,5,3,1
437,TGG,1,0,1,0,0,0,2,0,0,0,1,0,0,0,0,0,0,2,0,0,0,0,0,0,0,0,11,0,0,1,0,2,0,0,0,0,0,0,1,0,0,0,0,0,0,0,0,0,1,0,12,0,0,0,0,6,13,2,166578,1,0,0,7,1
438,TCA,0,0,0,0,2,0,0,0,0,3,0,2,1,0,0,0,0,0,0,0,18,0,0,0,2,0,0,0,0,0,0,0,0,0,0,0,0,0,0,0,2,0,0,0,0,0,0,0,4,0,0,0,166307,6,16,1,1,96,1,0,8,0,0,0
439,TAC,0,1,0,0,0,0,0,0,0,0,0,1,0,0,0,1,0,26,0,0,0,0,0,0,0,0,0,0,0,0,0,0,0,0,0,0,0,0,0,5,0,1,2,0,0,0,0,0,0,166600,1,14,0,1,0,0,0,30,1,0,0,1,0,1
440,AAC,4,166783,0,17,0,2,0,0,0,5,0,0,0,1,1,0,2,4,0,0,0,0,0,0,0,0,0,0,0,0,0,2,1,25,0,0,0,0,0,0,1,0,1,0,10,0,0,0,0,3,0,0,1,1,0,0,0,0,0,0,0,0,0,0
441,GCG,0,0,0,0,0,12,16,0,0,6,0,0,0,0,0,0,0,0,0,0,0,0,6,0,0,0,1,8,0,0,0,0,0,0,3,3,33,14,166740,4,0,0,3,0,5,0,6,0,0,0,0,0,1,0,10,0,1,0,0,0,0,0,0,0
442,GAA,5,13,0,0,0,0,0,1,0,12,0,0,0,0,0,0,0,0,0,0,0,0,0,0,0,0,0,0,0,0,0,0,167087,9,23,2,2,6,11,0,16,3,4,0,2,1,0,0,0,0,0,0,0,0,0,1,0,0,0,0,0,0,0,0
443,CTT,1,0,0,0,1,2,0,0,0,0,0,0,4,1,0,8,2,0,31,0,0,0,0,10,1,0,0,6,0,38,0,165590,786,0,0,0,0,0,0,1,0,0,0,9,6,2,1,112,1,2,2,1,3,0,0,1,0,0,2,0,1,0,0,25
444,CTT,0,0,2,0,3,0,1,1,0,0,0,0,3,1,4,15,0,0,0,0,0,3,2,21,1,0,0,0,4,18,4,166838,0,0,0,0,1,0,2,3,0,0,0,11,1,1,4,2,0,0,0,1,0,1,2,0,0,0,3,1,0,0,3,6
445,GTT,0,0,0,0,2,0,0,0,0,0,0,0,1,27,0,11,0,0,0,0,0,0,0,0,0,0,0,0,0,0,12,0,0,0,3,1,0,0,0,10,0,0,0,2,15,15,5,166897,0,0,0,0,0,0,1,0,0,0,0,0,0,0,0,3
446,GCC,1,11,73,0,0,40,0,2,1,5,4,0,0,0,0,0,1,0,2,0,0,0,0,0,0,2,0,2,0,1,0,3,0,4,1,1,5,166050,40,21,0,4,0,0,0,25,1,0,0,0,0,0,0,8,0,1,0,0,46,3,1,0,3,0
447,CTG,0,0,0,0,0,0,2,0,0,0,5,0,0,0,15,1,0,1,7,0,0,0,63,0,0,0,5,0,19,3,166947,6,0,11,0,0,0,0,7,1,0,0,0,1,1,2,2,0,0,0,0,0,0,0,0,0,0,0,0,0,0,1,18,4
448,GAG,0,0,9,0,0,1,0,0,0,0,1,0,0,0,0,0,0,0,0,0,0,0,0,0,0,0,0,0,0,0,0,0,16,0,166821,1,0,0,0,0,0,0,33,0,0,0,5,0,0,0,4,0,0,0,0,0,0,0,2,0,0,0,0,0
449,AAC,7,166792,0,22,0,1,0,0,0,7,0,0,0,1,0,0,0,0,0,0,0,0,0,0,0,0,0,1,0,0,0,0,0,14,0,0,0,0,0,0,2,0,0,0,0,0,0,0,0,0,0,0,1,0,0,0,0,0,0,0,0,0,0,0
450,CAA,3,0,0,0,0,3,1,0,0,0,0,0,0,0,0,0,166569,2,76,0,0,0,0,0,23,0,0,1,1,0,0,1,2,0,0,0,0,0,1,0,0,0,0,0,0,0,0,1,2,0,0,15,0,0,0,0,0,0,0,0,0,0,0,0
451,CAT,0,1,0,5,0,0,0,4,0,0,1,1,0,1,1,0,2,24,1,166680,0,1,0,2,1,0,0,4,1,0,1,4,4,0,4,0,0,2,1,0,1,0,0,1,1,0,0,0,0,0,0,5,0,0,0,0,0,0,0,3,1,0,1,1
452,ACA,6,2,0,0,166796,2,11,8,1,0,1,0,5,0,0,0,2,1,6,0,0,0,0,0,0,0,0,0,1,0,16,0,0,0,0,0,7,0,0,0,0,0,2,2,1,0,1,1,0,0,0,0,0,0,0,0,0,1,1,0,0,0,0,0
453,ATT,0,0,0,4,0,0,0,8,0,0,0,3,2,12,0,166644,0,0,0,0,0,0,0,0,0,0,0,0,0,1,8,2,0,0,0,0,0,0,0,0,0,0,0,0,3,0,0,11,0,0,9,0,0,0,0,0,0,0,0,0,0,0,0,1
454,GAT,0,0,0,11,0,1,1,0,2,0,0,0,0,0,0,1,0,0,0,0,0,0,1,0,0,0,0,0,1,0,0,0,0,6,0,166970,0,0,0,8,0,0,0,10,0,0,1,5,0,0,0,5,0,1,1,0,0,0,12,0,0,0,0,0
455,CTA,0,0,0,0,4,0,0,1,0,1,0,0,8,1,0,1,0,0,0,0,16,0,0,0,1,0,0,0,167083,5,7,8,0,0,0,0,0,3,0,9,1,0,0,0,0,1,0,1,0,0,0,0,1,0,0,0,0,0,17,0,3,0,0,5
456,ACT,1,0,0,2,3,12,1,166984,0,0,0,0,0,0,0,7,0,0,0,1,0,0,0,0,0,0,0,0,1,1,4,0,0,0,0,0,0,0,0,9,0,0,0,0,4,0,0,0,0,0,5,0,0,0,0,0,0,0,0,0,0,0,0,0
457,GAC,0,10,0,0,0,0,0,0,0,0,0,0,0,0,0,0,0,0,0,0,0,0,0,0,0,0,0,0,0,0,0,0,9,167050,2,8,1,3,0,0,0,5,0,0,0,0,0,0,0,3,0,0,0,7,0,0,0,5,0,0,0,0,0,0
458,TCA,0,3,2,3,1,0,0,0,0,0,0,0,1,1,1,0,58,1,0,4,10,0,0,0,0,0,3,0,82,0,0,2,0,2,1,0,1,0,0,1,0,1,1,0,0,1,0,3,3,0,0,0,166758,6,45,4,0,11,2,0,7,0,0,2
459,GAA,9,0,0,0,0,0,0,3,0,0,16,0,71,0,0,0,1,0,2,1,0,0,0,0,0,0,0,0,1,1,0,0,167097,4,20,0,4,1,0,2,16,0,0,2,0,0,0,8,5,0,0,2,0,0,0,0,0,0,0,1,11,0,0,1
460,ATG,0,0,0,0,0,0,2,0,0,0,0,0,3,0,167145,4,0,0,0,0,0,0,0,0,0,0,0,0,0,0,2,0,0,0,0,0,0,0,0,0,0,0,0,0,0,0,6,0,0,0,0,0,0,0,0,0,0,0,0,0,0,0,1,0
461,AAC,8,167142,0,6,0,5,0,0,1,17,0,0,0,0,0,0,4,3,2,2,0,0,0,0,0,0,7,0,0,0,0,3,0,24,2,0,5,0,0,6,0,0,0,0,0,0,0,0,0,7,0,0,0,0,0,0,0,5,0,0,0,0,0,2
462,AAA,167169,4,12,0,0,0,1,0,5,6,0,0,0,0,5,2,0,0,0,0,0,0,1,0,10,2,0,0,0,0,0,0,6,0,0,0,0,0,1,0,0,0,2,0,0,0,0,0,1,1,0,0,2,1,0,0,0,0,0,0,0,2,0,0
463,CTG,0,0,0,0,0,0,0,1,0,0,1,0,0,1,7,0,0,0,1,0,0,0,4,0,0,0,0,1,14,8,166942,6,0,0,2,0,0,0,0,0,0,0,0,0,1,0,1,0,0,0,0,4,0,0,1,0,0,0,0,0,22,0,18,1
464,TTT,0,0,0,0,0,0,0,0,0,0,0,0,0,0,0,0,0,0,0,0,0,1,0,0,0,0,0,0,0,0,0,12,0,0,0,0,0,2,0,0,0,0,0,10,1,0,12,13,1,2,0,2,0,0,0,9,0,0,2,1,1,13,0,167095
465,GAA,8,0,0,0,0,1,0,0,1,0,6,0,0,0,0,0,2,2,1,0,0,0,0,0,0,0,8,2,0,5,7,0,167183,2,12,4,0,0,2,1,19,0,0,0,0,1,0,1,3,1,0,3,0,0,0,0,0,0,1,0,1,0,1,0
466,AAA,166872,0,20,0,5,2,0,0,12,0,2,0,2,0,28,0,230,0,6,10,0,0,0,0,0,4,0,1,0,0,0,1,8,0,0,2,1,1,1,35,0,2,2,0,1,0,1,2,2,0,0,0,1,0,0,0,16,9,0,0,0,0,0,1
467,ACA,1,0,0,0,167053,0,27,6,1,1,0,2,10,0,0,0,0,0,0,0,27,0,0,0,1,0,0,0,0,0,0,0,2,0,1,0,9,0,0,0,0,0,0,0,2,3,0,3,1,0,0,1,0,0,0,0,0,0,16,0,0,0,0,0
468,AAG,52,0,167105,3,0,0,8,0,0,0,47,0,0,0,4,0,0,0,1,0,0,0,0,0,0,1,0,0,3,0,0,0,0,0,17,0,0,0,0,0,0,1,0,1,0,0,0,0,0,0,2,0,0,0,23,0,0,0,2,0,0,0,0,0
469,AAG,46,0,167018,2,0,0,5,0,1,6,11,3,0,0,3,0,0,0,3,0,0,0,0,0,0,2,1,0,3,3,0,0,0,0,16,0,0,3,0,1,1,3,1,15,16,0,4,5,0,0,1,0,0,0,5,0,0,1,6,1,4,0,1,0
470,CAA,3,1,0,0,0,0,0,0,0,2,0,0,3,0,1,0,166629,0,15,0,1,0,0,0,12,0,0,0,6,4,0,0,2,0,0,0,0,0,0,0,11,0,1,0,3,1,9,3,23,0,20,3,23,0,432,0,0,2,1,0,0,2,0,0
471,CTG,1,0,0,0,0,0,1,0,0,0,0,0,0,0,15,0,0,0,2,0,0,10,7,0,0,0,1,0,24,6,167130,4,0,0,0,0,0,0,0,0,0,0,0,0,0,0,0,0,0,0,0,0,0,1,5,0,0,0,0,0,1,0,45,0
472,AGG,0,0,12,0,0,0,1,0,16,0,167116,5,1,0,8,0,0,5,0,0,0,0,0,0,4,2,4,10,0,0,0,0,1,0,0,1,0,0,0,0,5,0,32,5,0,0,0,0,0,0,0,0,0,0,0,2,0,3,4,0,0,0,0,0
473,GAA,8,1,0,1,0,1,0,0,0,0,0,0,0,0,1,0,6,0,0,0,0,0,2,0,0,0,0,0,10,1,8,0,167059,12,18,0,3,0,1,0,23,1,0,0,1,0,0,0,1,0,0,0,156,3,0,0,0,0,0,0,2,0,0,0
474,AAT,0,6,1,167095,1,0,8,1,0,4,0,10,0,0,0,2,0,0,0,1,0,0,0,0,0,0,1,1,0,0,0,0,0,0,0,10,0,0,0,0,3,0,0,0,0,0,0,0,0,0,0,1,0,0,0,0,1,0,7,0,1,0,0,0
475,GCT,0,0,0,0,0,0,0,30,1,1,5,0,1,0,0,0,0,0,0,0,0,174,32,4,92,0,281,0,0,0,0,247,0,0,0,7,3,20,9,216830,0,0,1,18,159,0,0,16,0,0,424,0,0,0,124,7,6,0,0,0,10,0,0,0
476,GAG,0,0,35,0,45,0,0,0,0,0,0,707,0,0,1,0,51,0,0,0,0,0,0,0,0,1,0,0,0,1,0,0,12,18,216287,8,0,0,234,0,0,0,148,363,308,1,5,0,0,0,204,0,0,0,17,0,0,10,1,0,0,0,0,0
477,GAT,0,0,0,42,0,0,0,0,4,0,152,19,0,0,0,0,0,1,1,0,3,1,0,1,0,0,0,0,0,0,0,0,250,38,2,217434,0,26,90,2,0,0,0,95,0,5,0,1,0,0,2,7,0,158,158,0,0,0,0,0,0,0,0,0
478,ATG,0,0,364,0,0,400,140,0,0,0,97,0,22,0,217315,26,0,0,0,0,0,26,0,0,0,0,0,0,0,3,2,0,0,0,0,0,0,0,0,0,0,0,0,0,0,0,23,0,0,0,0,0,0,0,0,0,0,0,1,1,64,0,5,1
479,GGC,0,0,0,0,5,0,0,0,0,9,0,0,0,175,0,0,0,0,0,0,1,0,0,0,1,0,0,0,171,0,0,0,0,26,0,223,0,1,0,0,9,217772,4,14,0,8,0,0,0,0,13,0,18,0,0,0,0,0,0,0,0,0,0,12
480,AAT,0,12,1,217842,0,2,3,1,0,0,0,22,0,0,0,3,0,0,0,2,0,0,179,0,8,0,1,0,0,0,0,0,0,0,0,8,2,18,1,0,0,0,8,0,0,166,4,0,0,0,0,0,0,0,0,2,0,0,207,2,0,0,0,0
481,GGT,0,9,0,0,0,1,0,0,3,0,0,181,0,0,0,0,0,0,0,1,0,0,0,0,0,0,0,0,0,0,0,8,0,0,0,16,401,0,0,4,1,11,4,216148,524,0,1,8,14,0,0,0,0,0,1,0,0,0,5,511,0,0,586,32
482,TGT,0,0,0,0,0,0,0,0,0,0,0,4,0,0,0,0,1,0,0,0,0,399,11,0,0,0,0,23,0,0,0,0,0,0,1,0,3,0,1,0,0,0,363,126,0,0,0,0,0,0,0,17,0,108,0,0,1,20,414,216967,27,0,0,1
483,TTC,0,0,0,0,0,0,0,9,0,0,0,1,0,2,0,2,0,0,0,57,0,0,0,0,0,442,0,1,0,27,0,2,0,0,0,2,0,0,0,30,0,0,0,0,0,1,0,0,167,5,0,0,371,36,1,0,0,0,0,0,4,217275,2,8
484,AAA,217602,3,5,147,3,0,0,0,18,0,0,0,0,0,11,504,2,0,0,1,0,0,0,0,0,0,0,14,0,2,0,0,104,0,1,2,0,0,0,0,0,0,0,0,0,1,66,0,1,0,0,7,7,0,0,0,0,0,2,0,3,0,1,0
485,ATA,7,0,0,0,140,0,0,0,1,0,0,0,218220,3,36,1,0,6,2,0,0,1,0,0,0,0,0,0,1,0,0,1,0,0,1,0,0,0,0,3,0,0,1,0,51,0,0,1,2,0,4,0,0,0,0,0,0,0,0,1,0,0,0,0
486,TAC,0,56,3,24,0,0,0,0,94,0,0,0,0,192,1,0,0,38,0,0,0,0,0,0,0,1,1,0,0,0,0,27,0,1,0,0,0,3204,3,0,0,2,0,2,0,1,1,189,4,214391,0,17,1,2,0,0,0,161,75,1,1,2,0,1
487,CAC,0,4,3,0,0,4,0,1,0,0,465,0,0,39,0,0,165,217130,0,22,0,5,0,20,0,19,0,0,0,166,0,0,0,0,0,0,0,0,0,0,0,0,191,0,0,8,6,0,0,12,2,0,0,9,0,0,0,0,211,0,0,0,0,0
488,AAA,216823,7,13,1,25,0,1,1,12,7,34,0,1,0,1,0,2,5,0,5,0,3,1,1,2,0,0,5,17,828,0,8,41,0,0,0,2,0,1,3,2,0,0,0,1,0,0,0,2,0,0,1,594,20,5,0,0,0,0,1,33,0,0,0
489,TGT,0,0,1,0,0,0,0,0,0,0,0,4,1,0,0,0,0,0,0,0,0,4,0,0,0,0,0,7,0,0,0,0,0,0,5,1,11,0,0,13,0,1,0,3,162,0,0,0,0,0,0,23,0,0,0,0,0,43,3,218189,1,0,0,2
490,GAC,0,10,0,0,0,0,0,0,0,0,0,79,0,0,0,0,0,0,0,0,0,0,0,0,0,0,0,0,0,0,0,0,7,217693,124,21,0,2,0,0,0,236,3,0,1,3,30,0,0,5,0,0,0,0,0,0,0,255,0,0,0,1,0,0
491,AAT,2,7,1,218344,0,0,1,0,0,0,0,8,0,0,0,3,0,0,0,5,0,13,0,0,0,0,0,0,0,0,0,0,0,0,0,29,0,0,0,17,0,0,0,0,0,0,0,0,0,0,0,0,0,0,36,0,0,0,0,1,0,0,0,0
492,GCC,0,2,0,3,1,57,0,3,0,0,0,1,0,0,0,0,2411,0,436,0,6,0,0,0,0,0,0,0,1,0,1,0,109,4,0,1,452,214758,0,17,12,2,0,0,1,45,0,9,0,0,0,0,0,6,0,0,0,16,1,0,3,5,0,0
493,TGC,0,0,0,0,0,0,0,0,0,5,1,0,0,0,0,0,0,0,0,0,0,285,0,0,0,206,0,0,0,0,0,0,0,0,0,0,0,1,1,0,247,3,366,0,0,0,0,0,2,50,0,0,0,1,2,0,10,216549,301,20,0,8,0,255
494,ATA,65,0,0,0,17,1,0,0,1,0,0,1,216863,2,96,3,0,0,0,0,0,0,1259,0,0,1,0,0,3,0,0,0,0,0,0,3,0,0,78,0,0,0,6,0,32,0,0,1,0,0,0,10,0,0,0,0,0,0,0,0,4,0,0,0
495,GGA,1,2,2,1,0,0,0,1,5,1,0,1,0,0,3,0,5,1,7,2,0,0,0,0,2,0,340,0,0,0,1,82,18,0,1,206,3,1,0,1,217640,18,61,5,5,0,0,4,0,1,0,0,0,0,0,0,15,1,3,0,2,0,0,1
496,TCA,1,0,1,0,1,7,0,1,1,0,0,3,0,0,1,13,0,0,0,1,19,0,0,871,0,0,2,4,381,0,0,0,1,0,1,0,7,1,0,0,0,0,1,0,0,0,0,0,8,1,2,0,216994,2,31,3,1,0,0,0,97,0,0,0
497,ATC,0,3,0,0,0,18,0,0,0,1,0,0,224,217725,0,8,0,0,0,1,0,0,0,10,0,1,0,0,1,1,0,0,0,4,0,0,0,0,0,0,13,0,233,0,0,24,0,0,0,196,3,0,2,0,0,1,0,0,0,0,0,1,0,0
498,AGA,8,363,0,2,0,1,1,2,217776,2,18,2,25,2,0,0,0,0,0,1,0,0,1,0,4,0,0,2,1,1,0,2,65,0,2,0,0,85,0,0,30,0,5,0,0,1,5,48,0,0,2,2,0,0,19,0,3,0,0,1,0,0,0,0
499,AAT,4,197,3,217560,0,0,0,10,0,0,0,14,394,0,1,0,5,0,0,11,0,1,0,0,0,0,0,0,0,0,0,0,1,10,0,12,0,1,0,0,0,0,0,0,294,0,0,0,0,0,0,0,0,2,0,5,0,0,0,0,1,0,0,0
500,GGA,1,0,0,0,0,0,0,0,16,2,0,0,0,0,0,0,0,0,0,0,0,0,0,0,0,0,0,0,0,0,54,0,13,0,0,0,0,0,0,0,218038,1,28,1,32,0,4,0,0,0,0,0,119,0,0,0,7,2,0,0,7,25,0,0
501,ACT,34,0,0,3,3,282,2,217495,0,0,0,1,0,0,0,2,0,0,3,486,0,0,0,0,0,0,10,0,0,0,0,0,0,1,0,0,0,19,0,10,0,0,1,1,2,0,23,0,0,0,1,0,0,3,0,54,0,0,0,0,0,0,30,0
502,TAT,0,0,0,1,12,0,0,0,0,0,0,0,0,0,0,0,0,0,0,69,0,0,0,0,0,0,0,3,0,0,0,0,0,0,11,3,0,0,5,0,1,0,2,31,0,76,0,0,3,44,2,217373,0,0,473,2,0,1,1,385,0,0,0,5
503,GAC,0,21,0,0,0,1,0,1,0,0,2,0,0,0,0,0,0,0,0,0,0,1,0,0,0,0,1,2,0,0,33,0,15,217681,1,8,0,488,0,65,1,33,0,1,73,0,0,0,0,2,0,0,0,0,0,0,0,0,0,0,0,0,0,0
504,CAC,1,19,0,0,0,0,0,0,0,0,0,2,0,0,0,0,4,218101,1,22,0,27,0,0,0,160,0,0,0,2,0,0,0,0,0,87,16,0,6,0,0,0,0,1,0,0,0,0,0,16,0,0,0,0,2,0,0,4,0,0,0,0,0,0
505,GAT,1,1,0,32,0,3,0,2,0,21,1,2,1600,1,36,0,0,0,0,5,0,0,0,1,1,6,0,0,2,2,1,0,3,15,1,215723,3,1,0,1,0,0,86,17,1,0,0,14,0,3,1,7,1,1,0,3,0,0,1,0,474,0,330,3
506,GTA,3,1,2,0,0,4,0,4,1,0,0,0,24,1,1,0,2,0,1,0,0,0,0,0,0,1,0,2,6,0,0,0,1,0,0,0,28,0,0,0,492,0,275,6,216932,8,28,2,0,0,0,2,4,0,0,0,0,0,0,0,5,0,482,148
507,TAC,0,2,0,0,0,0,0,0,1,0,0,0,0,0,0,0,0,21,0,0,0,0,0,15,0,0,0,0,6,0,0,0,0,0,0,0,0,0,7,0,0,67,0,0,0,0,9,0,3,218224,3,32,0,2,0,0,0,28,3,0,0,6,0,0
508,AGA,127,0,0,0,0,3,0,0,218047,2,26,3,4,0,0,0,0,0,0,0,0,1,0,0,12,0,0,0,0,32,0,1,0,0,2,0,0,0,4,0,41,0,1,0,17,3,0,0,0,1,129,0,0,0,1,0,24,4,0,0,0,0,0,0
509,GAT,0,25,0,113,0,0,1,0,4,0,0,1,14,4,5,0,0,0,0,1,0,2106,0,1,125,0,0,0,90,1,0,0,5,7,7,215697,5,2,0,2,18,1,2,21,2,0,0,6,0,0,0,33,0,6,0,1,2,121,0,0,0,11,0,1
510,GAA,16,8,0,0,0,0,0,0,0,0,0,0,0,5,6,0,7,0,0,0,0,0,0,0,0,0,0,0,210,9,0,0,217288,11,55,7,2,0,1,0,32,0,14,2,19,7,1,0,666,2,0,4,0,0,0,0,0,14,0,0,0,0,85,0
511,GCA,0,0,0,0,21,0,0,0,0,1,8,0,1,0,0,0,0,0,0,0,1,0,0,504,99,0,378,0,1,0,0,61,18,0,0,0,217102,3,1,1,0,1,3,3,13,0,0,0,0,0,0,0,1,0,1,12,0,0,0,1,0,0,0,0
512,TTA,10,0,0,0,0,0,92,0,0,0,0,0,1,0,1,0,0,0,0,0,1,0,0,0,3,0,0,0,15,0,0,1,80,0,0,0,0,0,41,0,0,0,0,0,0,0,0,2,0,0,1,0,22,0,0,0,0,0,3,28,218186,2,28,3
513,AAC,34,217969,54,5,0,8,1,0,1,121,106,0,1,8,6,0,0,7,0,0,0,0,0,0,0,0,0,3,7,2,0,1,1,14,0,0,1,3,0,0,1,0,13,0,2,0,9,0,0,0,0,0,1,0,2,0,0,34,2,0,0,26,41,1
514,AAC,5,218005,0,13,155,5,0,5,2,26,2,0,1,0,0,0,0,2,0,0,0,0,1,0,0,3,0,0,0,0,1,0,0,30,0,0,0,0,0,0,0,2,0,0,0,2,0,0,0,2,0,4,0,6,0,0,118,6,0,0,0,26,0,0
515,CGG,0,0,1,0,1,0,0,0,0,1,4,0,0,0,0,0,0,1,29,0,0,2,1,1,23,3,217905,6,0,0,30,0,0,0,0,1,0,0,0,0,1,0,317,0,0,0,0,1,0,0,4,0,1,0,0,0,0,0,16,1,2,0,0,2
516,TTT,0,0,0,0,0,0,0,5,0,0,4,0,1,0,0,0,0,0,0,0,3,0,0,3,3,0,0,0,0,2,0,25,0,2,0,0,1,0,0,0,0,0,177,1,1,0,3,6,0,0,1,3,0,0,1,14,0,0,1,5,2,11,2,218177
517,CAG,0,0,21,0,1,0,1,0,3,0,1,1,1,1,3,0,16,1,217494,3,0,0,4,1,4,27,190,0,0,0,10,2,0,2,1,0,5,0,0,301,2,7,11,9,0,122,18,0,0,0,15,0,3,0,0,3,0,0,0,2,3,6,9,0
518,ATC,0,5,1,0,0,25,2,0,6,5,0,0,3,217991,2,2,0,0,0,0,9,0,0,0,0,0,1,1,0,2,0,0,0,0,1,0,0,0,0,0,12,0,19,0,0,11,10,0,95,0,0,0,0,0,0,3,41,1,0,98,0,0,0,1
519,AAG,57,0,218052,17,1,0,4,0,0,0,43,0,0,0,3,0,3,0,6,0,0,0,0,14,0,6,2,0,3,0,0,5,0,0,15,0,0,0,0,0,9,184,0,0,0,1,10,0,0,0,3,0,0,0,0,0,0,0,0,0,0,0,0,0
520,GGA,0,0,0,0,0,0,0,0,34,84,0,0,0,0,0,16,0,0,0,0,0,0,0,0,0,0,0,0,1,0,0,0,35,0,0,0,0,0,0,0,218201,0,24,2,6,0,4,0,0,0,0,0,0,0,0,0,6,0,0,0,0,0,0,0
521,GTT,0,0,0,0,0,0,0,0,0,0,0,0,0,29,0,42,0,0,1,0,0,0,0,0,0,0,0,0,0,0,0,2,0,0,0,2,0,1,0,33,0,0,6,0,3,16,85,218101,0,0,0,0,0,0,0,0,0,0,0,0,0,0,1,6
522,GAG,1,0,8,0,0,0,0,0,0,0,1,1,1,1,0,0,312,0,13,0,1,0,0,0,1,0,0,18,1,0,0,2,16,0,217219,4,0,0,35,0,1,0,43,0,0,0,5,0,30,0,3,0,0,0,0,1,0,1,1,598,0,0,17,10
523,CTG,0,0,1,0,0,0,0,0,0,11,0,3,259,27,19,0,0,7,9,0,1,1,164,0,62,0,0,0,24,52,217347,7,0,0,4,0,0,0,1,0,1,0,0,0,1,0,9,0,0,0,78,0,0,0,0,0,3,0,1,0,0,2,174,65
524,AAG,10,0,217669,12,0,1,8,0,2,427,19,69,7,0,3,1,0,1,1,0,0,14,0,0,0,4,4,1,0,1,21,1,0,0,36,3,0,2,0,0,15,5,11,0,21,3,4,2,0,0,0,2,0,0,0,1,0,0,3,3,1,0,5,1
525,TCA,1,2,1,41,0,0,1,27,0,5,114,0,1,0,0,0,0,0,78,0,23,1,0,0,0,1,5,2,0,0,5,0,0,0,0,2,1,0,1,405,204,1,8,1,1,0,2,1,4,1,1,1,216870,3,548,5,0,0,0,0,10,10,2,0
526,GGG,1,0,0,3,0,0,1053,0,0,2,7,7,0,0,5,0,2,0,0,0,0,0,1,0,0,4,5,0,0,1,0,0,1,173,14,1,0,0,1,0,37,12,215548,78,0,1,6,9,1,0,108,1,2,0,468,0,0,11,13,0,2,6,1,864
527,TAC,0,5,0,2,7,3,0,0,0,0,0,0,181,0,0,464,0,310,0,1,0,2,0,20,0,5,0,0,1,0,2,0,2,3,0,0,0,4,0,0,12,1,2,82,5,77,4,2,8,216856,9,204,25,1,0,0,0,26,40,0,0,1,0,1
528,AAA,217214,34,28,2,1,1,0,1,32,0,0,0,0,0,0,0,4,1,1,0,0,0,28,0,0,0,0,0,0,1,0,3,18,0,9,2,6,1,2,275,1,1,9,2,2,0,1,0,2,1,713,0,0,1,8,0,0,3,2,0,0,0,0,7
529,GAT,10,0,0,33,0,0,0,3,18,0,29,0,0,0,4,3,0,1,8,5,6,122,0,0,0,0,5,0,0,13,4,0,2,6,4,212819,0,0,0,4,0,0,1,10,0,0,2,2,0,0,0,2,6,0,2,0,0,0,0,1,2,82,0,1
530,TGG,0,0,1,0,1,0,0,0,0,0,3,0,0,0,0,0,0,559,1,0,0,1,1,0,0,0,18,0,5,0,0,1,0,26,0,2,0,0,0,0,0,0,63,1,3,0,0,494,0,0,21,1,0,0,0,0,19,1,215845,3,8,13,8,3
531,ATC,0,6,0,0,34,39,4,8,828,1,2,0,83,215325,1,7,1,0,0,2,3,0,0,1,0,0,3,0,1,2,0,0,0,1,0,0,8,0,0,16,1,0,80,1,1,32,31,6,2,0,0,5,1,0,8,1,0,0,1,0,0,2,5,1
532,CTA,0,0,0,0,0,0,122,0,0,0,20,0,17,0,0,2,24,0,15,0,440,0,179,0,3,0,0,0,213228,113,21,1,0,0,208,2,0,0,0,0,8,0,6,2,7,0,0,24,0,0,0,3,0,0,3,0,0,0,0,7,44,0,1,0
533,TGG,1,0,0,0,0,0,0,0,0,0,6,0,0,0,0,0,0,0,0,0,0,0,0,0,0,0,8,0,0,0,0,0,0,0,0,0,0,0,0,0,0,0,0,0,0,0,0,0,0,0,5,0,0,0,0,0,2,0,217710,0,0,0,2,0
534,ATT,0,1,0,1,0,0,0,3,0,0,0,2,1,58,12,217950,0,0,0,0,0,0,0,0,0,0,0,0,0,0,0,1,0,0,0,0,0,0,0,0,0,0,0,0,0,0,0,9,0,0,0,0,0,0,0,0,0,0,0,0,0,0,0,2
535,TCC,0,0,0,0,0,0,0,0,0,0,0,0,0,0,0,0,0,0,0,116,0,11,0,0,0,0,0,0,0,0,0,0,0,0,0,0,0,0,0,0,0,0,0,0,0,0,0,0,0,0,0,0,25,216741,1,19,0,0,0,0,1,9,0,58
536,TTT,4,0,0,0,0,0,0,1,0,0,0,0,0,0,0,2,0,0,0,0,0,0,0,0,0,0,2,0,0,0,1,29,3655,0,0,1,0,0,0,66,0,0,0,1,1,0,0,5,0,0,0,0,1,0,0,32,0,0,1,13,9,9,2,214433
537,GCC,0,0,0,0,0,35,0,0,0,0,0,0,0,0,0,0,0,0,0,0,0,5,0,0,0,0,0,0,0,0,0,0,0,3,0,0,1,216006,1,5,0,1,0,0,0,38,0,0,0,0,0,0,0,2,0,0,0,0,0,0,0,0,0,0
538,ATA,3,0,0,0,38,33,2,0,1,5,0,1,215472,8,357,3,0,0,0,0,0,0,0,0,0,0,0,0,1,0,0,0,0,0,0,0,0,0,0,0,0,0,0,0,6,0,0,0,0,0,0,0,0,0,0,0,0,0,0,0,1,0,0,0
539,TCA,0,0,0,0,1,0,0,0,0,0,0,0,0,0,0,0,0,0,0,0,20,0,0,0,0,0,0,0,0,0,0,0,0,0,0,0,0,0,0,0,0,0,0,0,0,0,35,7,8,0,0,0,217559,2,9,0,87,0,0,0,1,0,0,0
540,TGT,0,1,0,0,0,0,0,2,0,0,0,3,0,2,0,0,0,0,0,0,1,0,0,0,0,1,0,15,0,1,3,0,0,4,0,1,0,1,0,0,0,4,0,2,0,6,0,0,0,17,0,7,0,1,0,0,1,48,41,218151,1,2,8,3
541,TTT,25,2,3,1,2,5,2,0,2,2,0,2,1,9,12,2,0,0,0,0,0,0,0,0,0,0,0,1,4,0,0,546,0,0,0,0,112,0,5,0,3,0,1,0,1,0,1,1,0,2,2,33,0,0,0,20,0,1,0,1,8,14,1,217582
542,TTG,0,0,0,175,0,8,1,0,0,4,2,0,1,0,5,3,0,0,0,0,0,0,0,0,0,1,0,0,0,0,31,4,1,0,288,0,0,0,2,2,127,25,120,12,0,1,9,0,0,0,0,0,0,0,13,0,0,1,1,0,25,0,217184,12
543,CTT,0,2,0,0,0,1,0,0,0,0,0,0,4,1,2,21,0,13,44,4,0,13,0,14,0,39,0,18,5,13,4,216012,0,151,1,1,0,0,9,0,0,0,0,0,0,0,1,0,1,1,477,0,15,0,2,0,0,0,1,1,26,1,6,18
544,TGT,0,1,2,1,0,76,1,2,0,397,0,9,2,3,909,8,2,1,2,0,179,1,0,5,0,0,1,19,0,2,415,0,17,1,2,8,0,9,83,141,2,4,14,1,0,14,0,15,236,2,1,6,0,0,3,3,0,28,3,215525,0,0,0,17
545,GTT,9,2,187,2,4,1,12,6,0,0,0,108,1,0,0,48,1,0,7,0,1,0,0,2,3,1,0,3,10,1,72,4,3,33,1,1,0,1,0,15,2,9,70,6,31,15,686,216983,0,6,7,0,0,1,19,0,0,9,1,0,2,2,1,5
546,GCT,5,0,23,2,0,0,1,85,0,4,0,0,2,0,0,3,0,9,0,0,1,0,0,1,0,1,0,0,0,0,0,0,2,0,0,12,2,14,9,217759,0,53,6,3,2,0,2,110,0,1,0,0,0,2,2,7,1,4,1,10,0,0,2,0
547,TTG,4,3,0,0,0,0,0,0,0,1,0,0,3,0,0,42,16,0,2,0,0,0,0,0,0,0,2,0,2,59,7,88,73,36,0,89,1,0,1,0,4,2,1,6,1,2,20,0,100,0,27,1,0,0,15,0,0,0,14,1,13,1,217063,5
548,TTG,0,0,10,1,0,0,0,9,1,0,0,0,27,0,1,0,0,2,0,0,0,0,0,0,3,0,0,0,0,0,33,1,8,58,1,0,0,0,0,0,0,0,29,0,0,0,13,0,11,0,36,0,0,1,27,0,0,0,1,0,47,0,217798,1
549,GGG,0,0,3,0,0,0,0,3,0,0,45,0,0,0,0,4,0,0,40,8,1,0,3,1056,0,0,0,0,0,0,1,1,0,0,10,0,0,0,0,0,75,0,215845,57,798,0,35,0,0,0,0,22,0,0,0,0,11,0,3,0,1,0,0,13
550,TTC,0,42,64,0,2,0,0,10,0,10,0,0,0,7,3,5,10,0,0,2,0,0,0,0,0,0,0,0,7,12,0,0,1,2,0,0,1,0,0,2,0,0,0,0,0,23,1,0,32,154,0,0,27,39,12,0,0,4,0,0,88,217207,1,7
551,ATC,3,75,1,3,28,54,0,3,2,12,6,5,10,217048,17,7,11,0,0,2,2,88,2,0,0,2,0,9,0,1,0,0,0,48,0,0,0,0,0,0,9,0,0,7,9,71,1,20,0,0,0,0,0,2,0,3,1,71,0,0,0,3,0,0
552,ATG,2,1,6,14,1,47,43,3,0,13,23,159,26,14,215208,1,20,1,9,0,12,14,5,11,0,0,1,0,1,4,5,0,0,1,4,250,1,4,46,0,0,3,0,3,666,0,14,0,0,3,3,0,1,370,66,0,798,2,6,27,43,2,37,207
553,TGG,37,1,0,15,3,0,0,7,0,0,4,0,1,0,0,0,12,15,5,10,1,32,0,2,30,141,87,4,60,3,0,7,1,6,2,0,0,1,0,0,0,13,256,0,17,4,2,0,0,479,14,0,12,0,29,0,24,0,216643,79,14,1,33,2
554,GCC,0,0,0,0,0,187,0,0,0,32,0,1,0,1,1,0,0,0,0,0,16,21,0,0,0,0,0,0,0,0,0,0,1,23,12,3,14,217598,4,14,1,7,8,2,1,128,0,0,0,0,0,0,0,8,0,0,0,47,28,0,0,1,0,0
555,TGC,0,0,0,127,0,0,0,0,0,2,0,0,0,180,0,0,0,0,13,0,0,0,0,0,0,178,0,0,0,0,0,0,0,0,0,558,0,0,3,0,0,13,0,1,0,0,1,0,0,135,0,0,0,2,0,0,0,216783,3,26,0,7,0,0
556,CAA,5,0,0,0,0,0,0,5,0,1,0,0,0,0,0,1,217966,1,15,0,15,0,0,0,27,0,2,0,4,0,0,0,1,2,3,69,0,0,0,0,0,0,0,0,21,0,0,0,0,2,63,48,0,0,0,0,1,116,0,0,0,0,0,1
557,AAA,217643,16,321,3,19,4,1,0,23,17,1,0,5,1,0,1,2,2,0,3,1,0,0,0,44,0,0,0,2,0,0,10,76,0,144,5,0,0,0,0,0,1,3,0,0,0,0,10,1,1,0,0,1,0,0,0,0,0,1,0,2,0,0,20
558,GGC,0,0,0,0,0,0,0,0,0,12,0,0,0,0,0,0,0,0,0,0,0,0,0,0,0,0,0,0,0,3,0,0,0,46,0,0,0,0,0,0,10,218074,3,33,0,2,0,0,0,0,0,0,0,0,0,0,0,6,0,0,0,0,0,0
559,AAC,6,218209,32,9,0,1,0,0,0,120,0,0,16,0,0,0,0,4,0,0,0,0,0,0,0,0,0,0,1,1,1,0,2,24,0,2,0,0,0,0,0,0,4,1,0,0,5,0,0,4,0,0,0,1,0,0,0,0,8,0,14,0,0,0
560,ATT,0,0,0,3,0,10,0,11,0,0,0,2,0,25,0,217228,0,0,0,0,0,0,0,0,0,0,0,18,1,493,0,4,0,0,0,0,0,0,0,0,0,0,1,0,0,13,0,22,0,0,0,0,0,0,0,224,0,0,0,0,429,0,0,1
561,AGG,0,1,17,0,0,21,0,0,125,0,218120,2,0,0,11,0,0,0,0,0,1,0,0,0,0,0,72,0,0,0,0,0,0,0,0,0,0,0,0,0,0,0,37,48,0,0,2,0,0,1,0,0,0,16,0,2,1,0,4,0,5,0,0,0
562,TGC,0,0,0,0,0,0,0,0,0,1,0,0,0,0,0,0,0,0,0,0,0,0,1,0,0,9,0,0,0,0,0,0,0,0,0,0,0,0,0,0,0,22,0,0,0,0,0,0,0,50,0,0,0,0,0,0,2,218238,3,24,0,2,0,1
563,AAC,22,218238,0,14,0,5,0,0,0,51,0,0,0,2,33,0,0,4,0,0,0,0,0,0,0,0,0,0,0,0,0,1,0,25,1,0,0,0,1,0,1,0,0,0,0,0,1,19,0,3,0,0,0,3,0,0,0,0,1,0,0,0,0,0
564,ATT,0,0,0,0,0,0,0,6,41,0,0,1,7,268,2,217931,0,0,0,0,0,0,0,0,0,0,0,0,26,3,0,5,0,0,0,0,0,1,0,0,0,0,0,7,68,0,0,6,0,0,0,0,0,0,0,0,0,0,0,0,0,0,4,3
565,TGC,0,0,0,8,0,0,0,0,0,1,0,14,2,0,28,0,0,0,0,0,0,0,0,0,0,20,0,0,2,1,0,0,0,66,0,0,0,0,0,0,0,0,6,0,0,14,0,7,0,20,0,0,0,0,1,0,85,217997,0,29,0,2,0,0
566,ATT,0,0,11,2,0,0,0,10,0,1,0,1,0,14,0,217741,0,0,0,6,0,0,0,0,0,0,75,0,0,0,0,0,4,423,24,0,0,0,1,0,0,0,0,0,1,0,0,47,59,9,0,0,0,0,0,0,0,0,0,0,0,0,0,1
567,TGA,3,0,0,0,20,35,0,0,6,0,0,3,6,33,0,0,2,0,2,16,0,0,0,1,67,0,0,0,0,0,0,1,0,0,37,23,0,6,0,0,1,0,0,1,0,0,0,3,10,1,0,0,0,0,0,0,217941,3,49,11,8,2,0,5
