site,abs_diffsel,positive_diffsel,negative_diffsel,max_diffsel,min_diffsel
-16,45.88921252949031,0.0,-45.88921252949031,0.0,-3.679941663323297
222,30.73359843821135,0.0,-30.73359843821135,0.0,-3.639776316286308
220,23.44841042750617,0.06801722053188702,-23.380393206974283,0.06801722053188702,-2.6202947156061533
160,19.986068520358288,0.0,-19.986068520358288,0.0,-2.809396519000174
189,19.41882431173989,0.2241653737611208,-19.19465893797877,0.2241653737611208,-2.987374456183852
244,17.06338489842161,1.1995932364580428,-15.86379166196357,0.8316078036089513,-1.7185355883311435
192,15.513266591500694,0.21019739587534966,-15.303069195625344,0.21019739587534966,-2.044084780041601
193,14.352060154974174,0.5769126805784328,-13.775147474395741,0.5769126805784328,-3.001817124291595
227,13.969562391375739,2.2450473556579937,-11.724515035717744,1.0779576276684637,-5.388175849757049
-6,13.886514302893582,0.6591487075709977,-13.227365595322583,0.34726868567190433,-2.4581691428096004
159,13.86065129344444,11.467661772949466,-2.3929895204949743,1.6801081282240564,-0.6208445165139318
201,13.03885883553102,1.2088475585970975,-11.830011276933922,0.6325026954811349,-2.139829082507396
(HA2)207,13.023816837253722,4.191743191498401,-8.83207364575532,1.0244863187616444,-2.010373201587059
(HA2)132,12.835315056201852,3.205701886799432,-9.62961316940242,0.8895597387904988,-1.8036458696980675
142,12.65424915645401,1.3648383070031578,-11.289410849450853,1.142186997031983,-2.7348983309459665
(HA2)206,11.700326784627183,0.4941965263551371,-11.206130258272047,0.22713014855352406,-1.5992597292784678
(HA2)138,11.661118928363564,0.4412917550041745,-11.219827173359391,0.32974554863081484,-1.8518167355612132
219,11.532922745666912,2.293483878706305,-9.239438866960606,0.6216211616656826,-2.2873463907911806
92,11.47136467485111,0.5090892790633826,-10.962275395787728,0.3073235963409795,-2.0102962527492707
(HA2)139,11.284927650693112,3.377562634954111,-7.907365015739001,0.6950109243544916,-1.4871762899339214
(HA2)141,11.218756575407552,0.6493858393615655,-10.569370736045988,0.26198658109773265,-2.308505482427176
121,11.099398618075085,2.348152590649047,-8.751246027426035,0.8739944523779462,-1.377878369007392
(HA2)181,11.069236723730654,5.992387193319086,-5.076849530411568,1.5056553972705606,-1.184890711396238
215,10.950635819457712,0.4844890972980353,-10.466146722159676,0.22350065608243808,-1.9128313329459856
207,10.904466449275578,0.0,-10.904466449275578,0.0,-3.286131753055876
216,10.875237217881358,7.286152064076262,-3.5890851538050943,1.6790968504543158,-0.8500746779464671
(HA2)199,10.787890222540163,3.1229606810414885,-7.664929541498677,1.0380248227305071,-1.0749956061090211
(HA2)46,10.74873878942636,9.794728927740584,-0.9540098616857775,1.8769582299474827,-0.6148912399204398
1,10.727469239058564,4.003648480462919,-6.723820758595643,0.8513027762814735,-3.4143250499872453
(HA2)196,10.670857798158751,3.3712954974441622,-7.299562300714591,1.4042270122997675,-1.6768720359561722
(HA2)150,10.61119036300176,5.761287304834125,-4.8499030581676355,1.502359828811145,-1.1118000130998191
(HA2)169,10.421150175965662,2.279707946241351,-8.14144222972431,0.6752747176284686,-2.2866879676342693
(HA2)147,10.404165533569019,5.321076393051833,-5.0830891405171865,1.6256334877214018,-1.3194145818184675
-7,10.31759713268591,0.2975457895803041,-10.020051343105605,0.2975457895803041,-2.0576821815968342
(HA2)203,10.225739940948255,1.4901995783569457,-8.73554036259131,0.6337219230934106,-1.390682565683218
(HA2)136,9.941824348115878,1.251585418458283,-8.690238929657596,0.4157090238111898,-2.2004919012926267
(HA2)182,9.864082070042073,5.502084496755603,-4.361997573286472,1.4668920969581007,-1.0892470252180648
-10,9.852221201950393,1.8318318047047648,-8.02038939724563,0.7462685784299794,-1.1545262009270807
(HA2)153,9.784100880389321,4.871137446226622,-4.912963434162698,2.1866240602732003,-1.4022959225867826
208,9.711442337327115,0.6886693847553519,-9.022772952571763,0.4451381289811512,-1.486398981986882
(HA2)142,9.710928031794976,2.654093954358349,-7.056834077436627,0.9303543373195464,-2.116282023054911
(HA2)204,9.70570806704576,0.46361147068782516,-9.242096596357934,0.264966670331003,-1.7133879061966075
(HA2)214,9.619309570357114,4.794948200733863,-4.824361369623251,1.1382291634466102,-1.4004128729113854
(HA2)137,9.445584945939947,0.19207073294535787,-9.253514212994588,0.19207073294535787,-1.636813207808685
(HA2)39,9.352132351317021,2.222447680309164,-7.129684671007858,0.922936859676661,-0.9529943087849004
157,9.199829972311711,2.5950396386652357,-6.604790333646475,0.8525016639374465,-2.890132810190416
(HA2)186,9.168968775733791,2.349456455447601,-6.81951232028619,1.0348469964690108,-1.4887040037054935
(HA2)143,9.142591909404905,4.172892159403699,-4.969699750001206,0.7285423510522053,-2.758201373751191
199,9.134469461363196,0.9551699158415319,-8.179299545521664,0.6285768681052633,-2.0186123153238245
(HA2)208,8.993230864886304,5.237989866072397,-3.7552409988139077,1.3258565845989043,-0.7162922749996631
(HA2)165,8.963398941710018,2.7939800382157585,-6.16941890349426,0.7085301448510637,-1.1431617456712748
(HA2)131,8.892750761636393,0.7293630903849501,-8.163387671251442,0.2893746249768726,-1.3407228569745868
(HA2)198,8.869983620819877,4.087191470217206,-4.782792150602671,1.1947215702098444,-1.2309768898351359
(HA2)197,8.818227773590582,3.372492342189979,-5.445735431400603,1.2909398400165422,-1.132695507253216
(HA2)209,8.78261312614589,2.259014951670973,-6.523598174474915,0.5431597838630694,-1.7419356940147883
(HA2)212,8.775892422355254,4.077978607681076,-4.697913814674179,1.2671449758696072,-1.1524541480856332
(HA2)133,8.734392898788983,2.1880034449101258,-6.546389453878858,0.5907962169726662,-2.2955496891196234
135,8.717890241918083,1.1028677798969322,-7.615022462021151,0.7599520679351643,-1.59839442261146
(HA2)201,8.68867797891839,5.404145087815717,-3.284532891102671,1.4872161906197683,-1.0582369727387901
50,8.684510492390903,5.458977671186055,-3.2255328212048453,1.0518543147394397,-0.941448338131613
(HA2)172,8.62532025189904,4.196766426756185,-4.428553825142855,1.3452906722498021,-1.2427343602145176
217,8.587411777096865,0.42099877051717516,-8.16641300657969,0.2240190191232317,-2.4145356341449715
224,8.544677552132345,0.2105612873187446,-8.3341162648136,0.2105612873187446,-1.5911127589623266
(HA2)173,8.541519197536369,0.768968231780491,-7.772550965755879,0.33835053098308193,-1.4387240365688978
(HA2)101,8.493699886453658,2.761146356362308,-5.732553530091348,1.209766624520884,-0.9969834733412529
48,8.361989402371083,3.817432406185143,-4.54455699618594,2.0385907296934382,-0.7201979804877152
(HA2)161,8.328957289692248,5.040948424093109,-3.2880088655991395,1.472888587420144,-1.1809948720744234
144,8.30988379092518,0.23468559853138404,-8.075198192393797,0.23468559853138404,-2.3370143663575704
(HA2)205,8.283886236943435,0.8792586756080116,-7.404627561335425,0.3352211365921729,-1.632449530042167
(HA2)14,8.281366340493548,0.4836097770512437,-7.797756563442305,0.24180488852562185,-1.5207854851803346
(HA2)36,8.198445742256588,6.509777908113181,-1.6886678341434058,2.0585021002907284,-0.7148683445171249
(HA2)164,8.168794648696903,3.7949200901422744,-4.373874558554627,1.0146818519454484,-1.0343585228215717
-2,8.147956599669717,0.4599075932420704,-7.688049006427647,0.23135726762764666,-1.102210621653767
(HA2)168,8.146878175100746,3.611910417205869,-4.534967757894877,1.0018065129907157,-1.1788181814489758
218,8.031034860978018,0.8364739841073174,-7.194560876870699,0.6221634303061551,-2.058598750924561
261,8.009691600774516,1.4237936665899396,-6.585897934184575,0.548494949351746,-1.145837427009022
(HA2)121,7.9982057895121805,2.5286124080393364,-5.469593381472844,0.8649602046133291,-1.058849233774338
187,7.99171806184256,1.6305392826665863,-6.361178779175973,0.4778652959419261,-1.4972211572138612
(HA2)57,7.967327528874365,1.1561881032114316,-6.811139425662933,0.4784049709332443,-1.3374742385358769
(HA2)160,7.961872288121664,4.867703173527532,-3.0941691145941324,0.7520038207043259,-1.3213059192275995
262,7.94244267461632,2.6876800760366626,-5.254762598579659,0.7952023001680493,-0.8824039935739236
3,7.839642242588067,4.505125320618392,-3.3345169219696755,0.9391973834305252,-0.99962405554908
103,7.821634358181344,1.7768616266243185,-6.044772731557025,0.7461665036605158,-1.225716285215395
(HA2)151,7.821452031753103,2.8531337160116186,-4.968318315741486,1.2092623231087194,-2.1861064075972383
(HA2)179,7.7968406636252645,2.8634524720802395,-4.933388191545026,0.7521163306892504,-1.7453874999746548
-15,7.793895220674037,0.6746909546868693,-7.119204265987169,0.3271324234210164,-1.1392783514963312
225,7.751887411007775,0.16240668632186508,-7.589480724685911,0.16240668632186508,-1.2579199784587662
226,7.750494245783742,1.6775129358853023,-6.072981309898441,0.7389035706434374,-1.2635505346414035
(HA2)38,7.726115142835754,5.9260248238142195,-1.8000903190215347,1.0372098397101617,-0.6778554399080141
(HA2)167,7.720850442352851,0.9362438317150863,-6.784606610637764,0.6518763955666147,-2.495074270501119
184,7.693645103836973,0.24331902822621265,-7.450326075610761,0.22485578074377088,-1.0294616265330223
(HA2)184,7.675374903707587,4.532674964575287,-3.142699939132301,0.8829227571322473,-1.1384817178467688
(HA2)210,7.651423166174764,0.6095351205634996,-7.041888045611264,0.26551242520634843,-3.1173627917730906
(HA2)45,7.503479017944449,2.0250520691086025,-5.478426948835846,0.6440007788642139,-1.3960212190136974
-8,7.498911791263416,2.100940896103288,-5.397970895160128,0.6433179503497812,-1.301410134641457
210,7.4592837375546175,3.739727297353256,-3.7195564402013632,1.3324968897233258,-1.6940681336144932
138,7.4262530547507035,0.6123912695287774,-6.813861785221927,0.21013748802241047,-2.0711271818069665
(HA2)185,7.372884601625115,4.359779520465699,-3.013105081159416,1.1307748029390512,-1.1188599398491663
(HA2)125,7.358677175146334,4.468766915757743,-2.889910259388591,0.9018629787332196,-1.1483028212777455
(HA2)200,7.352975092231426,1.597562018320923,-5.7554130739105025,0.4243825859878832,-0.7921714565644548
(HA2)195,7.350356214362142,2.964481099860032,-4.385875114502111,0.6785082399331412,-1.2935038050146683
325,7.332454297080686,3.217212660463971,-4.115241636616714,1.204161338139567,-0.8245114303817462
(HA2)135,7.330374764859944,1.4331463000454756,-5.897228464814468,0.5245517428503825,-2.2343384716246613
242,7.309329383664771,0.3065569838412702,-7.0027723998235,0.2049818649788546,-1.3796208442897795
299,7.298135559037706,0.4399618991157437,-6.858173659921963,0.3308366334360546,-1.4921827760693551
(HA2)178,7.2792852564604225,1.4525599357600285,-5.826725320700395,0.5862078724868501,-2.3474007846966023
188,7.266752655542582,5.524911126806055,-1.7418415287365268,1.2590683390525568,-0.5449972629998567
(HA2)60,7.23814333965532,5.806917569535881,-1.4312257701194397,1.0572495232195336,-1.1382494773802172
46,7.200024338322574,3.1259534051343136,-4.074070933188262,1.098786443441446,-1.0460038017019395
279,7.185583868477564,5.023426232546436,-2.1621576359311283,1.472852777896963,-0.9900847459238103
(HA2)71,7.182273821629251,2.789152155917451,-4.393121665711799,0.6760562306729725,-1.6185063665101969
(HA2)183,7.170477399338945,2.244716395965621,-4.925761003373325,0.7903251152069971,-0.8213731149331738
214,7.166202730348586,2.2337350568336363,-4.93246767351495,0.6626096446137901,-1.3822451542017944
145,7.112287764167875,1.3118108022284773,-5.800476961939398,0.9606004698464732,-1.582141937937567
(HA2)130,7.060607976325185,2.802359560774791,-4.258248415550395,0.8324005597088101,-1.1309039998492487
(HA2)171,7.056192354613113,1.0789752229256797,-5.977217131687434,0.6300945743747901,-1.6050267262783575
312,7.054596526738031,3.676868568719537,-3.3777279580184953,0.8498095926436907,-0.9187643916691997
54,7.050478511565416,2.1214167154271055,-4.929061796138312,0.9348453833736964,-1.863830164665944
(HA2)156,7.018367807021575,2.975171588086904,-4.043196218934671,1.3690247668014908,-1.6938903887373913
231,6.988136251257891,0.6384779659106956,-6.349658285347195,0.3211000659210051,-1.1855893907389694
(HA2)122,6.963105437052737,1.0535402359281998,-5.909565201124537,0.4519188920870944,-1.8285851041276893
(HA2)180,6.945641769474815,4.929684999090709,-2.015956770384106,1.6240893920957682,-0.4817085953435312
(HA2)140,6.889964878731941,0.48775276716788785,-6.4022121115640545,0.2673486657159566,-2.5058255240517893
(HA2)73,6.8877978487950084,4.084757925675259,-2.80303992311975,1.7406771096140847,-0.4859426591053624
(HA2)106,6.878524322593133,2.9994933450166488,-3.8790309775764844,1.2436867804758136,-1.0161630105022672
122,6.87164908609461,0.5557120608785886,-6.315937025216021,0.19764249278553436,-1.4866955035792304
163,6.8546063889698985,1.3389919157078753,-5.515614473262023,0.3613182461125279,-0.8484949305407178
278,6.800485071252792,1.4952601120930529,-5.30522495915974,0.4917124681099495,-1.1343253361097585
(HA2)107,6.794775564221363,3.0878588166630703,-3.706916747558293,1.2261039901919273,-1.3761472890869948
2,6.791243680262797,0.12314940898287965,-6.668094271279918,0.12314940898287965,-1.3701364904486462
124,6.7808483121275716,1.753889799133006,-5.026958512994566,0.5049400777380508,-1.1372230258098608
(HA2)154,6.7795760141083194,0.9905031717639918,-5.7890728423443285,0.33284932673640666,-1.2637944097244025
81,6.7579900072497106,0.5928501318755653,-6.165139875374145,0.23736563503870498,-1.4220498543944116
(HA2)152,6.755862084685002,1.2924750403792007,-5.4633870443058,0.7533872487131761,-1.3201262071595217
(HA2)163,6.746882312026308,0.5374035603324374,-6.209478751693872,0.3185103045870911,-1.1771585935924145
45,6.736183022405254,1.8311763612826322,-4.905006661122623,0.9579135517795504,-0.9022590393426059
324,6.724921934521591,1.397731537961277,-5.327190396560314,0.8137508309308131,-1.1749065620187151
304,6.694497061141209,2.7831913443101386,-3.91130571683107,1.0701414875214823,-0.8816120601667927
(HA2)18,6.63117853608644,1.213828953781454,-5.417349582304987,0.4709829082590167,-0.8945795679331277
40,6.596006777451459,2.4546516703135044,-4.141355107137954,1.248365363245064,-1.4863889270174069
(HA2)157,6.585170171292957,0.2299257271558573,-6.3552444441371,0.11496286357792865,-1.4177737714676082
(HA2)124,6.578186466188228,1.839533779562067,-4.738652686626162,0.5368953062644757,-1.3116337472013635
164,6.5750448629477525,1.8448833829578881,-4.730161479989865,0.3705796846038229,-3.4192998858224017
(HA2)211,6.569860536804103,4.150826377950733,-2.41903415885337,1.5844368851348385,-0.943597450814056
(HA2)43,6.554620487786867,2.5684036245796182,-3.9862168632072486,1.2518784327209194,-0.7141409516228414
(HA2)113,6.5305343823161035,1.1696519327620722,-5.3608824495540315,0.4290909421265472,-1.1382650604891331
8,6.524014639395189,2.670485165780796,-3.853529473614394,0.907045852490434,-0.912812690682454
(HA2)30,6.476943507694537,1.9822501981457736,-4.494693309548763,0.681448084133438,-0.8638687203935753
106,6.476364539629396,3.9238287073631,-2.552535832266296,1.3295248976388172,-1.3237042893606743
(HA2)61,6.4623699996334025,2.2061235721623134,-4.2562464274710905,0.6492201080600528,-1.542544371823029
(HA2)62,6.43780083175529,3.2032983818146348,-3.2345024499406554,1.137952084844449,-0.4857008938019754
24,6.419249080095383,2.718076117711515,-3.7011729623838683,0.919724388601186,-1.2119225964559677
(HA2)13,6.299101382302203,0.0,-6.299101382302203,0.0,-1.0005616298071929
(HA2)86,6.291270525241455,2.080665977147852,-4.2106045480936025,1.339280763781,-1.0487453318326696
(HA2)15,6.280017401405319,3.2459475897365073,-3.034069811668812,0.6682725666293323,-1.1370537953594546
327,6.246800414985948,3.647002472591841,-2.5997979423941064,0.8000738574250156,-1.1317349073467993
(HA2)68,6.24017271744068,0.4510904736867941,-5.789082243753886,0.27950474396876,-2.121986201544623
-3,6.20799017397265,1.6192759398246066,-4.588714234148044,1.0160666908830378,-1.0171299526774886
(HA2)27,6.1998442216344225,1.3028925678851806,-4.896951653749242,0.3232275235682616,-1.0003483946148506
(HA2)120,6.158950884285514,2.727105759360411,-3.4318451249251023,1.0166613389332422,-1.2932562457310106
(HA2)146,6.14204135510641,2.818634227630966,-3.3234071274754435,0.582559649625084,-1.4460936292976512
44,6.136585154687092,3.382462695524359,-2.754122459162734,0.6795693349901669,-0.9530617350125926
(HA2)99,6.1350407276380485,1.4562141637886403,-4.678826563849409,0.6369684381869424,-1.1781377324078808
(HA2)63,6.087420329908205,3.8042765138481167,-2.283143816060087,1.1081038052221597,-0.7105998772242496
(HA2)144,6.085064532467657,1.3006237176856363,-4.78444081478202,0.6805523642441487,-1.7113800223846996
165,6.071906522703478,0.48157462389894756,-5.59033189880453,0.3722770321987263,-1.4189178244298923
(HA2)58,6.054827897716581,2.6856875461151413,-3.3691403516014384,0.8782648229074781,-0.977940704369774
(HA2)42,6.052889549504744,3.8336017629451717,-2.219287786559573,1.255689103627191,-0.5717076890489987
(HA2)98,6.0083081795248,1.1968857264109591,-4.811422453113841,0.7097902991212808,-1.152914150185703
78,5.992776405149795,2.2205274014489254,-3.772249003700868,0.6767758729696582,-1.4644748819785784
(HA2)34,5.989663905926582,2.2107833098553185,-3.7788805960712644,0.5150287073247529,-1.3686662217783665
328,5.983640036356584,3.388053351191944,-2.595586685164639,0.8436475245364771,-0.6184853916801131
(HA2)53,5.9431477254065825,3.3304234484160773,-2.612724276990505,0.8543362607179981,-0.6779239882284588
(HA2)177,5.9378074396882745,4.508077623867959,-1.4297298158203156,0.964843323965712,-0.41819934382941
132,5.932237712434565,1.4527696523293843,-4.47946806010518,0.5006479734859017,-1.7123929818800436
(HA2)56,5.9249114882523255,3.0299583999289763,-2.8949530883233487,1.2297890436117722,-0.7993042368104997
-13,5.897385936824264,1.9528112531546151,-3.94457468366965,0.9997405235481877,-0.6794385819039451
82,5.862088956173782,0.7585328002536179,-5.103556155920163,0.5419457318877903,-1.509986787390762
(HA2)149,5.858640338955775,0.4836460712010067,-5.374994267754769,0.3716519573569293,-1.4574625695297256
161,5.846340275341814,2.853670522290144,-2.9926697530516697,0.7999755358279191,-1.8942607707755408
56,5.821725297298861,2.6806459704054664,-3.141079326893394,1.1048026452150668,-0.8480570722787587
53,5.787885865629239,5.232800140580656,-0.5550857250485821,1.1265922297424908,-0.252790073091004
4,5.787460697857335,0.8385456715278568,-4.948915026329478,0.3883176782272879,-1.0003682437666581
(HA2)202,5.766806135449771,1.5813309964354696,-4.185475139014303,0.5545209110419633,-0.7437382310910575
290,5.751705933588935,3.4288770794319827,-2.322828854156953,0.658533555789187,-0.9529377467933968
(HA2)29,5.747599042673688,1.4958176398108247,-4.251781402862862,0.3808606886032533,-0.8346632453529159
315,5.728950468278245,0.6795726783771713,-5.049377789901074,0.43766138033220975,-0.8483104730913504
5,5.713401086034217,0.47144894871470355,-5.2419521373195135,0.2812902179955635,-1.2197527915884605
(HA2)216,5.69716158173742,2.2347453054147937,-3.4624162763226263,0.5026147028955478,-1.5568369469704106
(HA2)187,5.693029015525798,1.659798718124125,-4.033230297401673,0.8293549299549333,-0.7461553974554619
(HA2)47,5.663272488521993,1.7723832205472785,-3.890889267974714,0.4898728077081437,-1.0508552930169304
(HA2)80,5.651220402239673,1.7394898757441464,-3.9117305264955267,1.081822068825793,-1.0031354872487828
(HA2)50,5.646627174306987,2.4904302807329235,-3.156196893574064,0.5660931222295875,-0.6781379466888386
(HA2)87,5.639016495318883,1.8869878267756057,-3.7520286685432764,0.5007592152029199,-1.0500700011983484
(HA2)109,5.6095995042973295,0.49443495776262086,-5.115164546534709,0.21519293420292435,-1.0002493511124066
212,5.602085719325433,0.8179040856377789,-4.784181633687654,0.5909132598133149,-0.9252001995925792
(HA2)116,5.595056551095113,2.3027494569993436,-3.2923070940957686,0.6465033340127568,-1.2878868713966214
323,5.591686711798431,2.4137629958158455,-3.177923715982586,0.5682233067426345,-0.8330369532448241
(HA2)170,5.556332551652371,0.9398275361617776,-4.616505015490595,0.6196399772823615,-1.3852380029923244
30,5.554926480201768,0.7324277539459999,-4.822498726255768,0.609339033892365,-0.5713695109971629
(HA2)82,5.540628213277444,3.8032168349895072,-1.7374113782879368,0.988057323572034,-0.615895529229156
(HA2)78,5.520922262888292,2.815682899236519,-2.705239363651774,0.5994328297329674,-0.7609590152876713
(HA2)159,5.482453617568607,2.5618216249896504,-2.920631992578958,1.1075559778725792,-1.4737789062843776
(HA2)26,5.4646072192224135,3.0511347864951333,-2.4134724327272807,1.2962293072998778,-0.6067577585730328
(HA2)128,5.458517956088272,0.9460329908954849,-4.5124849651927885,0.5657720400502522,-0.8361913216410944
83,5.451210239488386,1.5425968849497975,-3.908613354538588,0.6418604222336275,-1.1791667521303693
(HA2)79,5.3556306075315,0.7691151447085239,-4.586515462822977,0.3028468629799442,-1.7852721180598974
(HA2)114,5.353193625374521,0.26432506128363226,-5.088868564090888,0.2014742970178865,-0.8676009583929111
269,5.309822286485565,1.8998639117676779,-3.4099583747178874,0.7201688886704737,-0.8480025569093479
(HA2)91,5.3026880289198655,1.3744370241683246,-3.9282510047515418,0.5306626360414641,-0.9539521594327282
94,5.300736249786078,0.7765818511879791,-4.524154398598099,0.4209006125778711,-0.9608155885045332
158,5.2983200552226855,1.5117174479636577,-3.786602607259028,0.9351595001483034,-1.5013048497089332
(HA2)72,5.226936326633521,1.6561191854229642,-3.5708171412105574,0.5402542238674438,-1.2993812029304523
(HA2)90,5.200701611708803,0.5123842089713722,-4.6883174027374315,0.3148113451445816,-0.9704168316716076
9,5.195085380605857,1.5920340066845031,-3.603051373921354,0.7805697238987879,-0.8489847155004571
33,5.187044205827895,1.5366311673878124,-3.650413038440084,0.87394413329155,-1.1454406237101638
35,5.147472751018318,0.9544353502779611,-4.193037400740357,0.5518062074901758,-1.1898196486550112
186,5.1048684179230746,2.0871994085710486,-3.0176690093520264,0.6771902645153223,-1.132949414107273
326,5.101995482082779,2.408792604862491,-2.6932028772202887,0.6324222827275647,-0.7662213270543161
(HA2)19,5.05532811401206,2.077933940095661,-2.9773941739163994,0.8240601240144707,-1.1857772723713893
(HA2)162,5.017592396576059,1.8430112624914083,-3.174581134084651,0.5197792872457132,-1.2714011404331829
258,5.013208561241609,1.6926237725967326,-3.3205847886448776,0.9603998744400702,-1.0104006869329805
29,5.001196632428543,0.520775666144021,-4.480420966284521,0.520775666144021,-1.0016374212324983
(HA2)95,4.982689514856513,1.0946064932351953,-3.888083021621318,0.4751575314535835,-0.7753795581493311
223,4.975060569080671,0.21245777821911305,-4.762602790861558,0.21245777821911305,-0.676811432772462
(HA2)59,4.972066429908008,3.458155237690689,-1.513911192217319,0.7569315609783416,-0.5962492480569256
(HA2)88,4.945998831898278,1.2801614480348795,-3.6658373838633977,0.6417189839098623,-0.8511968934787276
(HA2)40,4.935227090107712,4.191626423999252,-0.743600666108459,0.6555535718375601,-0.4797165575041927
(HA2)25,4.929160311863094,2.439861972572247,-2.489298339290847,1.1430973923178631,-0.4858542034890554
(HA2)32,4.904565977661641,0.4518653364681793,-4.452700641193462,0.24136149437609625,-0.8961420293738388
280,4.89949475904872,1.9461441645971318,-2.9533505944515874,1.0527831384231243,-0.6882600271757054
(HA2)89,4.878987241119579,1.3988948015827698,-3.480092439536809,0.6324823754862923,-0.8482332973545116
25,4.864323077212742,1.136642387596615,-3.7276806896161263,0.4681726271706161,-0.786097592511114
(HA2)35,4.856539393950492,4.346625986670447,-0.5099134072800467,0.7610023437273779,-0.4852349785549905
143,4.8371292962132735,1.9921500110000934,-2.8449792852131806,1.114762144128387,-1.4097072588649255
(HA2)5,4.830739103538237,2.0624653490320974,-2.7682737545061396,0.7437413515588855,-1.060790237662499
27,4.826758973550625,0.4036595880035099,-4.423099385547115,0.2312957354052578,-1.2466662356506564
321,4.823281798015469,1.0957937826207094,-3.72748801539476,0.44691993301479344,-0.6826536976880244
(HA2)65,4.822953061264048,1.0813306648008272,-3.741622396463221,0.3503694342494821,-1.4476189752638369
306,4.805836722301506,1.7258823864867119,-3.0799543358147936,0.7034538331315501,-1.4751292482005882
(HA2)84,4.790364770026767,1.2307542834988912,-3.559610486527876,0.8673573316586454,-0.9579529009535912
292,4.780156559629044,2.420396189825591,-2.3597603698034537,0.6304914905822576,-0.9168114230003069
(HA2)174,4.770712132702803,2.007116146645725,-2.7635959860570787,0.6789862068993722,-0.7472090433019645
-12,4.768033993333936,0.4907431977731105,-4.277290795560826,0.4183060601728882,-1.2634632961197414
(HA2)4,4.750141849064569,1.8991537992463654,-2.850988049818203,0.3700286475118229,-0.6937289596436265
311,4.717798019198605,1.2308782223649768,-3.4869197968336274,0.7688755857970188,-0.9468964405156236
57,4.700567901573245,2.0838606168945355,-2.61670728467871,0.3851231619849162,-0.6793715085868361
38,4.696336517324385,1.7846453283275436,-2.9116911889968407,0.6438214759304192,-1.0251472139831581
243,4.6946310280845855,1.3817235013923632,-3.3129075266922223,0.5054922619091965,-1.680499225649824
(HA2)75,4.6699065100445125,3.159011137391903,-1.5108953726526095,0.7673619773851125,-0.4771998331703413
37,4.656788361260331,0.7709357273618263,-3.8858526338985038,0.3028467777893847,-0.8483842736771438
(HA2)148,4.64232569372412,0.0,-4.64232569372412,0.0,-1.2306039267764357
96,4.633750916963801,2.455900001022105,-2.1778509159416966,0.7595517992905948,-0.9972381416692832
(HA2)117,4.608948928861739,1.2018338715710706,-3.4071150572906683,0.4010991042074672,-0.8438248124692762
21,4.597148327550788,2.515902830895684,-2.081245496655104,0.7523511349882229,-0.5460433084289475
59,4.5851432059686825,0.6546897683786191,-3.9304534375900633,0.2627291869477397,-1.973439076890498
(HA2)16,4.5724429251362935,0.3059418790834799,-4.266501046052814,0.2419814191127025,-1.3160791936222271
6,4.563227971058372,1.2951691395865363,-3.2680588314718357,0.8624291420345429,-0.4761509853671565
63,4.546071175575337,2.871843121289084,-1.6742280542862527,0.8761620606385039,-0.32381325647889714
28,4.544964736122496,1.2768345979563787,-3.268130138166118,0.8343819581272769,-1.2447449764071223
285,4.523843054379724,3.533915149524938,-0.9899279048547857,0.9255022032103326,-0.384995187679528
171,4.508727530742858,2.1000855731752215,-2.4086419575676374,0.6479337175031399,-0.6194073242436191
(HA2)92,4.49974937221433,0.26292340535035574,-4.236825966863974,0.17772873545964338,-0.7328507570610541
282,4.492574911284445,3.2504782999673583,-1.2420966113170868,1.11237483804654,-0.485482416597683
(HA2)218,4.489442321364565,1.9597743266411922,-2.529667994723373,0.6776935900092418,-0.9262510787527124
-14,4.471819881019917,1.1372910679449817,-3.334528813074934,0.4221983670744385,-1.49285417223398
(HA2)70,4.467509206413814,1.2219563091366006,-3.245552897277213,0.5521609853625022,-0.8077262566229642
133,4.454398492944049,0.6929898611563766,-3.7614086317876736,0.6519827280746829,-0.8596900718109971
(HA2)221,4.4505571975940885,1.3882540755817157,-3.062303122012373,0.7397278465403703,-0.7068693215280492
296,4.444070386187839,1.4170867957200517,-3.0269835904677875,0.911040516910244,-0.6449772665700199
241,4.43068968777022,1.0809242968060044,-3.3497653909642153,0.8671391876058933,-0.8867356805815114
(HA2)158,4.424184995000016,2.058949176358748,-2.3652358186412674,1.0136672571991965,-0.9576056260390784
128,4.423204508220982,2.98392338800116,-1.4392811202198221,1.3210715712879022,-0.3420229623939927
(HA2)11,4.414779320657408,0.9140260947804016,-3.5007532258770073,0.3761474056979272,-0.6966187593940072
(HA2)54,4.409030073710582,0.9152207084691898,-3.493809365241393,0.5868693615713261,-0.7123914503016213
(HA2)129,4.40630700638947,0.8250337633279372,-3.581273243061533,0.3807116480598949,-0.7093572587975958
313,4.397557483655408,0.6282831328578778,-3.7692743507975304,0.6282831328578778,-0.9978420389910972
300,4.366661982193991,1.3954008368730533,-2.971261145320939,0.2417147188353754,-1.1375929577552462
267,4.331661629635786,0.7216946060619686,-3.609967023573817,0.3709853013897758,-1.1378059710233686
(HA2)166,4.328056760109844,0.1153892438656108,-4.212667516244233,0.1153892438656108,-2.348077733381782
232,4.311688350571256,0.0,-4.311688350571256,0.0,-0.9845285932122652
(HA2)119,4.31047664270177,0.3770014498386303,-3.9334751928631384,0.3770014498386303,-1.3425117210917352
(HA2)81,4.302113423710704,0.5721949785003604,-3.7299184452103438,0.20107725649852284,-1.1376843027544794
275,4.297210156532856,3.4361659447895767,-0.8610442117432793,0.8793546104460339,-0.4360384456646389
(HA2)134,4.278839426659536,0.8830867989945564,-3.395752627664979,0.5843024203196632,-0.9618804650150744
250,4.278078599826568,0.49323180305657255,-3.7848467967699952,0.3768257034467088,-1.7950346025918158
209,4.25684130009939,0.49989218957896375,-3.7569491105204267,0.29018343401842245,-0.8671986487419111
(HA2)17,4.2567267384282905,0.45520857535432946,-3.801518163073961,0.2126936163255584,-1.2445715501236894
289,4.251376368961387,2.4052549354923154,-1.8461214334690723,0.6734550791073249,-0.6188008930111936
75,4.243416426867125,1.4126922616087616,-2.830724165258362,0.7047265476468381,-0.5635911464905559
230,4.213734885191897,1.8831141397833424,-2.330620745408554,0.6038848272965234,-1.1955048333738336
(HA2)219,4.191852361842793,0.6414897988986269,-3.5503625629441657,0.2281535029225869,-1.021368313570563
7,4.180685174930854,1.574390585990226,-2.6062945889406284,0.5820877353645239,-0.9595352742756492
(HA2)24,4.173493615929773,0.24181568795438235,-3.9316779279753904,0.2417040150760524,-0.9900732308049642
(HA2)110,4.166961697776393,1.439076735259941,-2.727884962516452,0.8031715946845369,-1.175240212033844
310,4.152725194754823,1.6981809623788013,-2.454544232376021,0.5058854448102236,-0.7989833174621058
173,4.1502568187533,1.953486467759777,-2.196770350993524,0.5443332325269137,-0.5570491672854534
190,4.114357299109345,1.6385257393041381,-2.475831559805208,0.6825369282881182,-0.6408161687413612
(HA2)100,4.105748601211786,0.2980960779761973,-3.807652523235589,0.2150894387517748,-1.0483412942457526
(HA2)127,4.099215741479684,0.3399770306689127,-3.759238710810771,0.291062641059355,-1.2674074454156714
166,4.097579373685775,2.0121512550895124,-2.085428118596263,0.7363655712933113,-0.7226761976339886
(HA2)191,4.077596692600355,1.0601814146225503,-3.0174152779778045,0.7107119728475708,-1.1779922894324444
(HA2)102,4.07710115898461,0.7191464066666785,-3.357954752317932,0.5544676864839995,-0.938858225408211
47,4.071914722520709,2.1251259077683806,-1.946788814752328,0.4930189124951556,-0.6219613300073954
(HA2)49,4.059893613616627,2.406074244281706,-1.6538193693349201,0.7814157293566287,-0.5279537784417712
272,4.058805711664503,3.086968365235822,-0.9718373464286809,0.6589863927202836,-0.4715492831048586
174,4.040577662471743,1.7628190467840446,-2.2777586156876986,0.3561577029733953,-1.0118397172573208
182,4.035556591073546,1.4721988912721735,-2.5633576998013727,1.237215776248309,-0.5860913242464341
(HA2)213,4.032900337086145,0.012553289834772238,-4.020347047251373,0.012553289834772238,-2.190792318583876
(HA2)215,4.030076260363906,0.6590504101054762,-3.371025850258429,0.437261401280687,-1.1958448650579014
213,3.996645613048315,0.465750922174197,-3.530894690874118,0.3065262391635058,-1.2566911405449912
245,3.993943037383521,0.2121593355324203,-3.7817837018511007,0.2121593355324203,-1.023432641729668
19,3.985654147833432,0.7006488644970155,-3.2850052833364165,0.4420977647276744,-1.0039842741009894
80,3.965945127487095,1.0308422566320683,-2.935102870855027,0.25188624086328715,-0.7251347045735999
129,3.941973141640834,1.2710350458237423,-2.670938095817091,0.3463819890937767,-1.1223062793864744
(HA2)155,3.926780627637344,0.3456750041389245,-3.5811056234984195,0.11303454922062348,-1.2631652791688617
268,3.920775594090789,1.07060676827015,-2.8501688258206386,0.6724944565358675,-0.711592614393664
115,3.909415487609398,1.8960005543240506,-2.0134149332853473,0.5908537373715993,-0.7008775283339406
(HA2)123,3.9033465578768554,1.5809399578152474,-2.322406600061608,0.5721277267499902,-0.5526404413777313
297,3.901568650497486,0.8425704719890024,-3.0589981785084834,0.3806887613240896,-0.8483737257997422
234,3.8837295184206786,1.0864307613837723,-2.797298757036906,0.5679339241983725,-0.7731430204636108
301,3.8689383218404307,2.134496886759649,-1.7344414350807813,1.007016095937813,-0.6055204371202424
18,3.8614684178835263,0.35968613099354746,-3.5017822868899793,0.15561259777529834,-0.9227967263320858
(HA2)220,3.8547823646548562,0.6436051966257198,-3.2111771680291366,0.4158715430649865,-1.0266421336357134
-5,3.853176793282318,0.7504766683691811,-3.1027001249131367,0.2984925966815141,-0.7949939467500974
204,3.8503201732095618,0.24630387376336818,-3.6040162994461937,0.21185399707949654,-1.263546116002305
252,3.8498486065940702,1.0260374379951533,-2.8238111685989162,0.29901764477626297,-1.2598780805908774
(HA2)12,3.848207385735954,2.610024512795229,-1.2381828729407243,0.5388590033425843,-0.974335148940593
298,3.8220282193329096,1.5144046286705377,-2.307623590662372,0.7743628850638189,-0.4855611308877649
205,3.8097073877020824,0.0,-3.8097073877020824,0.0,-1.0853799484560775
198,3.8004093012215114,1.9051459793009338,-1.8952633219205777,0.9689827727390096,-1.0716513904827196
23,3.7836915477440884,0.22236484956758493,-3.5613266981765035,0.22236484956758493,-1.2635322341172184
(HA2)51,3.774562001866042,0.5030224194921381,-3.271539582373904,0.21440188031279586,-1.5042619587728867
(HA2)3,3.7710014936575043,1.0449931418987957,-2.7260083517587086,0.5552817351783724,-0.6841058179574152
247,3.7630545470196934,0.391156497700562,-3.3718980493191313,0.20380512721918728,-0.7978583067511253
(HA2)77,3.7433268390933945,2.272657109872398,-1.4706697292209967,0.42722269640367455,-0.27360522856636016
(HA2)1,3.741089950296151,1.3070023122398098,-2.434087638056341,0.5112727521397519,-0.8479243293518779
85,3.700077569224586,1.4437850192603625,-2.256292549964223,0.7913202341214773,-0.6045877171300342
251,3.694445553044014,1.085696201080919,-2.6087493519630955,0.4647745745816442,-0.9804700276823104
68,3.6653421565993876,0.0,-3.6653421565993876,0.0,-1.9264122441842069
183,3.654505054275001,1.3998877546819641,-2.2546172995930363,0.6061768768621201,-1.9779289700601488
274,3.64924441877619,1.3482273559024585,-2.301017062873731,1.1434707042939305,-0.6882103624342713
(HA2)6,3.622929053395961,0.2931096706070162,-3.3298193827889455,0.2931096706070162,-1.0953064742041616
(HA2)96,3.6216359732658745,0.38286154915155823,-3.2387744241143164,0.26981602208309463,-1.1378749743041852
104,3.6215390817708997,2.546529078576663,-1.0750100031942367,1.1199970077091128,-0.3820699751109937
(HA2)37,3.573911939555961,0.6330621603826809,-2.94084977917328,0.31197560693727794,-1.0120207889033797
(HA2)85,3.569750294577352,0.5935808511306543,-2.976169443446697,0.3648667904811486,-0.6782298845736747
316,3.5548258777914747,0.0,-3.5548258777914747,0.0,-0.9376847094966242
97,3.5498441772058986,0.2946154709506404,-3.255228706255258,0.17092272199764053,-0.7243041576019501
62,3.5474982627419736,0.7497960237703792,-2.7977022389715938,0.26245835740441176,-0.9275264097475584
176,3.5473311809237855,0.6442212588543605,-2.903109922069425,0.4193675454505521,-0.5856452396349798
(HA2)48,3.5465694382721744,0.43882915893827174,-3.1077402793339024,0.22490758492540253,-0.6492950845525239
200,3.532421025134594,1.1299640027561528,-2.4024570223784414,0.4966718698424039,-0.8007688452944799
(HA2)33,3.5291343136128797,0.7701830367871711,-2.7589512768257083,0.38089308118589,-1.0188124264715146
49,3.5196590118765405,1.8325852378003673,-1.687073774076173,0.4852278673556201,-0.4856072642421221
277,3.511519802850857,1.2792334026326662,-2.2322864002181912,0.44895406830625817,-0.48557255264001703
69,3.5038115468972344,1.925309080866223,-1.5785024660310114,0.7256636138794104,-0.4516872146075331
260,3.500435412657001,0.6227533843038562,-2.877682028353145,0.3980696404617192,-1.137721854918708
(HA2)145,3.4968198386003277,0.2893454810213144,-3.207474357579014,0.1138701547958586,-1.2967814394252801
117,3.4875248490236617,1.2823929466067294,-2.2051319024169316,0.7076256124571131,-0.8947556673737871
(HA2)97,3.4851357923659303,0.7949617919862448,-2.690174000379685,0.42787041971922496,-0.8483063178220038
156,3.481270571178116,0.39172556961946864,-3.0895450015586468,0.12466894646854128,-1.0581071064320595
(HA2)28,3.478637749765098,1.602245248013963,-1.876392501751135,0.5288555981924308,-0.696452913374854
235,3.4776612830377456,1.5638809211588256,-1.9137803618789202,0.9916293802228688,-0.7036697061760653
264,3.475032352462886,1.6519480798954294,-1.8230842725674568,0.4193946585725524,-0.5805888282760495
(HA2)69,3.46162385046595,1.5594725678313677,-1.9021512826345832,0.5353294933875035,-0.5145617672819813
13,3.449884322153694,1.5031004157851755,-1.9467839063685184,0.6310677613483462,-0.8291706578169065
317,3.430733740868365,1.4123898019463728,-2.0183439389219924,0.5707893680931484,-0.5178359618870367
95,3.400153204635539,0.5781240293934411,-2.8220291752420983,0.3448781871181207,-0.8568557462949979
42,3.3959588566245356,1.7035542207070822,-1.6924046359174534,0.6937283973110359,-0.5394613123076009
36,3.389754608896375,0.2328410815753352,-3.15691352732104,0.2328410815753352,-0.548168415809356
86,3.384418697952668,1.1456499578417516,-2.2387687401109164,0.9123902060650716,-1.4223588218118768
(HA2)176,3.3810562144328156,1.3299670062124573,-2.0510892082203585,0.4266202850280909,-0.5268389089142773
221,3.3657549774294164,0.5737314606955569,-2.7920235167338596,0.3974404324154304,-0.7065841301362488
162,3.362151681848487,0.5062180846172225,-2.8559335972312643,0.2242438956162587,-0.5016024050244917
276,3.357771749402481,1.896233116090505,-1.4615386333119758,0.5589361118646871,-0.5065750618729842
149,3.3476723137860165,0.24150664734684713,-3.106165666439169,0.12291798004526215,-0.8646015263600818
(HA2)112,3.347491742041202,1.1623130481406057,-2.1851786939005966,0.6136252178336707,-0.6176712278003269
293,3.345865989342031,1.8538782338301178,-1.4919877555119132,1.014640931147682,-0.7579485154375328
126,3.3433187477374027,2.6416860344632083,-0.7016327132741942,1.2383673342980064,-0.2930732251191586
302,3.3160316432997505,0.5009674627725872,-2.815064180527163,0.20293074805034456,-0.4370831124762217
196,3.311150112843249,0.9602897860008066,-2.3508603268424424,0.6048963446019384,-1.20969976997037
203,3.3092826787444625,1.3155063987503433,-1.9937762799941185,0.4933667937715043,-0.7723120193933736
87,3.2880383547053187,1.1522015905150118,-2.1358367641903073,0.5686155416782464,-0.7237518496461374
(HA2)111,3.279958507480308,0.6855450550091975,-2.5944134524711107,0.40292590665457867,-0.8479861524111261
(HA2)76,3.278949403694153,0.7687260979418474,-2.510223305752306,0.3827198613913437,-1.4864707795895309
73,3.2622784675703413,0.4828612653501851,-2.779417202220156,0.4828612653501851,-0.6782794908293133
(HA2)44,3.252586119570225,2.6179482942788574,-0.6346378252913671,0.6584342426516605,-0.6339643913926792
238,3.2381514516549927,0.566635704222086,-2.671515747432907,0.22614781242139795,-0.8013150453044051
314,3.2378418945630827,0.33783929534752716,-2.900002599215555,0.3378007164339489,-1.3165424145487847
318,3.2340490929305648,1.2860224298634777,-1.948026663067087,0.38285675027107,-0.7212123173703451
(HA2)217,3.203100062671514,1.5438888394261547,-1.6592112232453584,0.8648178743037302,-0.4564651025510078
(HA2)23,3.2027587807232454,0.36257349643040027,-2.8401852842928452,0.36257349643040027,-0.4857896973310906
34,3.197718139028552,1.539756442808549,-1.657961696220003,0.513760306763185,-0.6531960708164223
248,3.1924130198552785,1.1840501212045056,-2.0083628986507724,0.6117773374109059,-0.5886832777190287
170,3.1775533715263613,0.8432130567919942,-2.334340314734367,0.4965197753343005,-0.4718120074618161
108,3.1715173411456923,2.908649568527894,-0.2628677726177975,1.7125138664371593,-0.2628677726177975
(HA2)193,3.160295101134339,0.03264713709071383,-3.1276479640436254,0.03264713709071383,-1.139548718154897
89,3.128939494292279,0.6741724166727576,-2.454767077619521,0.2379424951685873,-0.6781722073883246
(HA2)55,3.118309561776321,1.3024018721002157,-1.8159076896761053,0.3661008371480666,-0.4773258707738656
(HA2)83,3.1021206723283736,1.3605852259943505,-1.7415354463340234,0.3773239028407476,-0.6783301231671617
191,3.0883765189755508,0.6001236118971159,-2.4882529070784347,0.28164476574135394,-0.6781861313036319
329,3.08123195189145,0.9502534856823909,-2.1309784662090596,0.2631796462378936,-0.5536505205897553
291,3.0568019669845623,1.0319753971143832,-2.0248265698701795,0.3047820056935427,-0.6073085236333119
(HA2)64,3.0342169186886707,1.1433395259675923,-1.8908773927210791,0.7015301545542969,-0.4855739879966234
-1,3.0283624180997273,0.5852561116731954,-2.443106306426532,0.26241567252675485,-0.6462783299567492
195,3.0255536685761015,0.3423140488478017,-2.6832396197283,0.21113246183912585,-0.6671619361878092
39,3.0075759892628824,0.5554889243319762,-2.4520870649309066,0.3299186275279606,-0.9988782250971218
79,3.0057144653206653,0.6582872489018492,-2.347427216418816,0.4344735056110319,-0.5823545803462806
(HA2)2,3.0033813087552543,0.734820795579569,-2.268560513175686,0.629908251948317,-0.6069657083579831
(HA2)126,2.999142984800474,1.4166417932585529,-1.5825011915419216,0.3520542105481569,-0.6782001241872371
266,2.9847990727120504,0.4299503625266433,-2.554848710185407,0.2238494851963855,-0.8260803283618282
322,2.9833900410472407,0.4488683372451444,-2.534521703802096,0.4488683372451444,-0.7229844862015975
(HA2)7,2.9540404510303193,1.6248951808830112,-1.329145270147308,0.7516663139148959,-0.6780123299962905
125,2.947983033806963,0.33120334739523394,-2.6167796864117285,0.17970874659515695,-0.7348093503433548
270,2.9426251963631924,0.24155429537343984,-2.7010709009897527,0.24155429537343984,-0.6792261313226882
(HA2)105,2.93698553949426,0.972616525002439,-1.964369014491821,0.6240555830653511,-0.6780247324793492
259,2.92560014746144,1.2331752015316866,-1.6924249459297536,0.5615381322924874,-0.678533422716914
249,2.9098600061974884,0.6117696226846406,-2.298090383512848,0.5593991599175356,-0.9900943819888182
307,2.903876495607302,1.297676824863728,-1.606199670743574,0.6303911858677249,-0.6061674152868917
233,2.8950449608044617,0.8081906543752957,-2.0868543064291663,0.4209280687816102,-0.6962336948398078
(HA2)118,2.8860544059506537,0.7179794566689973,-2.1680749492816567,0.7179397484024852,-0.6325447347833503
137,2.86610358394936,0.9419453396889456,-1.9241582442604148,0.2238962105134568,-0.4854604454428811
179,2.8565479600644905,0.9413769653131324,-1.9151709947513584,0.6698939230074155,-0.7939975593627828
98,2.8452905200783207,0.0,-2.8452905200783207,0.0,-0.6615622930589363
-4,2.8401707602589714,0.6959580938195384,-2.144212666439433,0.4288326225736502,-0.8414644853581221
185,2.830678967895048,0.8051146573100473,-2.0255643105850005,0.2248432840256579,-0.5407904910762827
14,2.8083085159197987,0.03813772914263567,-2.7701707867771637,0.03813772914263567,-0.8101086013686483
(HA2)192,2.8061885164415306,1.326520378860706,-1.4796681375808247,1.0267586639861044,-0.7642623849415854
273,2.802320813458454,1.944042051450104,-0.8582787620083497,0.5850327850978289,-0.6449778093917509
(HA2)190,2.7960267582480554,0.6689255750047238,-2.1271011832433318,0.3281485489955654,-1.1688674003749564
(HA2)52,2.7939176454656858,1.316161158860945,-1.4777564866047401,0.37759914017435997,-0.485512372865673
-9,2.787762847002239,0.6067199427840495,-2.1810429042181894,0.2561177508348385,-0.8858657380309474
(HA2)189,2.783953712597836,0.7120425121144311,-2.071911200483405,0.4384422912930896,-0.7685618733226842
(HA2)115,2.7821373235525098,1.3597646101882255,-1.422372713364284,0.7157155471120296,-0.7231609176083214
(HA2)9,2.781269091983447,1.2367073498957557,-1.5445617420876911,0.3911959884499364,-0.4671863623002364
(HA2)67,2.7743822103589357,0.6921522880860456,-2.08222992227289,0.4271829059056956,-0.9393725353806309
206,2.72334982226073,0.9390481671243467,-1.7843016551363835,0.6282584540060521,-0.4854141842551651
99,2.7170117178139597,1.5631485403111212,-1.153863177502839,0.8534670033391721,-0.6257385532503321
32,2.7110101091980496,1.381602368403719,-1.3294077407943308,0.32750061692361626,-0.32384708741608514
319,2.7067942750866987,0.6187185850170663,-2.0880756900696316,0.2406053973320945,-0.6782736465493328
180,2.701700767123031,1.0058035365559679,-1.6958972305670632,0.4578614707321934,-1.3787091687539244
10,2.7001401304504427,0.6661422309149769,-2.033997899535466,0.4834684904074749,-1.0028786059225303
(HA2)93,2.697178271104842,0.40602700925897994,-2.291151261845862,0.2079535056289689,-0.9362636299263962
308,2.68922187518384,0.8885447882614038,-1.8006770869224358,0.6856392521192278,-0.6607988365814508
22,2.6835427406252785,1.7958488236191967,-0.8876939170060822,0.9975778396439672,-0.4759986035007801
100,2.6749607401881104,0.011850931189057673,-2.663109808999052,0.011850931189057673,-0.8996096676395974
309,2.6727161059928495,0.24268529343862352,-2.430030812554226,0.24222285912183006,-1.1374110368865762
110,2.67210726524754,0.0,-2.67210726524754,0.0,-0.7634669457915733
211,2.6642849400374526,1.0719360250725312,-1.5923489149649217,0.8591565879410465,-0.4855449939798051
12,2.6548770452325767,1.3358660859289408,-1.3190109593036354,1.2858286076074394,-0.2633972974371168
(HA2)22,2.6509784296574717,0.6497188147934165,-2.0012596148640545,0.4469645563791757,-0.5167741019939576
172,2.630737082514243,1.4694923758022658,-1.161244706711977,0.9551453273746272,-0.6780892172591141
236,2.62765201765659,0.6695497701884024,-1.9581022474681875,0.3981651858783712,-0.5496129652008457
131,2.6273874952007343,1.3950176293651966,-1.2323698658355375,0.7969090025649018,-0.9090312604910856
(HA2)74,2.6140565048117455,1.8147687674263802,-0.7992877373853647,0.8321055290125253,-0.5356013487166815
101,2.595242320843477,0.5935924765022921,-2.001649844341185,0.37399436321092494,-0.6727113939212884
287,2.5924988709208776,1.5580306808914326,-1.034468190029445,0.5253134461213304,-0.4458017399860814
41,2.573293825977915,0.6390140389508178,-1.9342797870270976,0.23944644981604798,-0.7465774805940528
65,2.5652067811805375,1.2968716864224767,-1.268335094758061,0.6279034709185628,-0.6106554874578056
93,2.563932712929742,1.3205884074251528,-1.2433443055045885,0.5294004936097774,-0.655060898883599
(HA2)94,2.553754555217978,0.9700025182780015,-1.583752036939976,0.9695095962666284,-0.4825743622175554
88,2.5412614145796186,0.4003849337536495,-2.1408764808259697,0.22158658588946145,-1.1380806365571063
66,2.514066928052579,0.5059803033161303,-2.008086624736449,0.2803033112477123,-0.702178520540963
102,2.5098895514774364,1.1171634377279034,-1.3927261137495324,0.477606172192623,-1.2371523045828572
228,2.504472079100501,1.3290525969993066,-1.175419482101194,0.6870713366455947,-0.3190019134430649
17,2.5032745150846303,0.0,-2.5032745150846303,0.0,-0.646263673382458
107,2.5029882502927263,0.818191496475938,-1.684796753816788,0.19852702009109607,-0.6780378076396778
123,2.4935111468041047,0.19816238729091856,-2.295348759513186,0.19816238729091856,-0.8482613421683332
169,2.479430671785408,1.8690445565199012,-0.6103861152655075,0.7943324277885554,-0.2629742017641254
253,2.4744064585303245,0.08115158953843395,-2.3932548689918907,0.08115158953843395,-0.8181822197808559
257,2.4738631579939536,0.43700228955660136,-2.036860868437352,0.2249493530621877,-0.5793266376424909
77,2.4709810660293154,0.9831525931949272,-1.487828472834388,0.5568650863663003,-0.6176996715494528
168,2.4618056628275733,0.0,-2.4618056628275733,0.0,-0.7775329549841348
254,2.454329199303257,0.6226475812702645,-1.8316816180329927,0.3777462997781704,-0.6784515939143723
130,2.4474314701197852,1.411409895240253,-1.0360215748795327,0.9144902850591662,-0.5596329591244071
67,2.445095747492631,0.6865054645110635,-1.7585902829815678,0.5136216065106245,-0.9719799465550945
152,2.4361251294842448,0.8961262562698515,-1.539998873214393,0.2392569349253232,-0.7853136725241698
320,2.417356337604292,0.8987645064726446,-1.5185918311316473,0.4491200287719452,-0.485482172789068
194,2.4039020660785244,1.7251257645330211,-0.6787763015455033,0.9699481805566776,-0.6783626246897555
147,2.3919457806656776,1.1165881445112242,-1.2753576361544536,0.3594138438371772,-0.4854879757203781
(HA2)66,2.3879270442950857,0.2008158736018425,-2.187111170693243,0.2008158736018425,-0.7991841263981575
271,2.387289309486092,0.08761041570818487,-2.2996788937779074,0.08761041570818487,-0.5267118540627564
31,2.370915585724007,0.6600553111971037,-1.7108602745269037,0.22395058184585465,-0.4855493262387507
177,2.368756565847494,1.188588816438956,-1.1801677494085376,0.5145489334917909,-0.4659453584232158
114,2.3639294076332638,0.1856494771937979,-2.1782799304394658,0.18555808284876865,-0.9705677571276664
240,2.3388950899669747,1.2965921042192132,-1.0423029857477615,0.4854173241926986,-0.2725758446691848
(HA2)103,2.3368745938625692,1.2546262582051833,-1.0822483356573867,0.6054884536688498,-0.4854976078022763
15,2.3036619003468446,0.21741728333857244,-2.086244617008272,0.15609685897848272,-0.5783053470233449
(HA2)41,2.2786413369752556,0.5749272262793211,-1.7037141106959344,0.34580171246877844,-0.725951151319822
155,2.2753216947431514,0.4731618888493275,-1.8021598058938244,0.2242872482498452,-0.6977865163967598
288,2.2286577087325194,1.2543296523489118,-0.9743280563836075,0.4490373825087545,-0.485483932542078
70,2.2257336220175112,1.1012247314729926,-1.1245088905445186,0.4921968870276318,-0.44455973935510573
263,2.196879079119469,1.4377797444705274,-0.759099334648941,0.3209278074759474,-0.3501752590345357
90,2.173913458098904,0.47639507283260935,-1.6975183852662945,0.4365593822086511,-0.3242086847756089
246,2.163610229082394,0.8295521329698838,-1.33405809611251,0.4934128939273074,-0.4682659419492994
109,2.1519693006850855,0.36295956049608047,-1.7890097401890048,0.23872087374260695,-0.485957664013525
139,2.128271908410973,0.2238007831972843,-1.904471125213689,0.2238007831972843,-0.5404140317137828
60,2.1260121044038884,0.3928104329680958,-1.7332016714357925,0.2252617681393557,-0.7988913504173406
148,2.090410278021317,0.2477162338935183,-1.8426940441277981,0.12385811694675915,-0.4855387403509194
(HA2)20,2.0677287544299454,0.08541458753270753,-1.9823141668972377,0.08541458753270753,-0.7960134978936758
51,2.0566425984906687,0.6728942487388709,-1.383748349751798,0.6728942487388709,-0.5563861857652976
116,2.0434703913012715,0.0,-2.0434703913012715,0.0,-0.5618941990083179
52,2.0374971398529005,0.5277260200312286,-1.509771119821672,0.5277260200312286,-0.4551748819085552
305,2.022378234901762,0.34553693541979463,-1.6768412994819675,0.34553693541979463,-0.4855355130519927
55,2.0207884550582436,1.6450263722454657,-0.37576208281277773,0.658512968889572,-0.2631569022960901
111,2.006433782112441,1.0398120459232412,-0.9666217361891998,0.4426844084737056,-0.4797515954295611
294,1.993497675721807,0.48365509381553595,-1.509842581906271,0.24182754690776798,-0.4855373790411378
74,1.986145053279345,0.9631856341477312,-1.0229594191316138,0.26192164584278416,-0.5436057808329785
26,1.9572164280120212,0.006545541476364027,-1.9506708865356575,0.006545541476364027,-0.29800103642893017
84,1.940051813216728,0.0314307299774814,-1.9086210832392465,0.022602242873540918,-0.4857116311608483
237,1.9154529354992103,0.13543920898787715,-1.7800137265113332,0.13543920898787715,-0.4855580243537889
202,1.9070686600970734,0.01980904855868434,-1.887259611538389,0.01980904855868434,-0.5995883489602558
113,1.9042306290347286,1.5560892132657504,-0.34814141576897834,0.728749307896466,-0.34727943165426195
181,1.8844937890596003,0.21213347238706146,-1.672360316672539,0.21213347238706146,-0.4856975508156188
91,1.8709187045526596,1.200861644658967,-0.6700570598936927,0.3733237306791333,-0.2628930825727359
20,1.8656489976461001,0.0,-1.8656489976461001,0.0,-0.7654695364034712
119,1.8330718331788294,0.0,-1.8330718331788294,0.0,-0.5440930929824335
(HA2)21,1.8134915227351665,0.14497997280049582,-1.6685115499346705,0.14497997280049582,-1.0212230672663425
281,1.806325716339309,0.3576986181684143,-1.4486270981708949,0.21555052286310114,-0.4856184376717166
167,1.7975218388026255,0.3288199446809317,-1.4687018941216938,0.3287289181417437,-0.5629374868041277
175,1.7909088244272486,1.2875459882568283,-0.5033628361704204,0.7459435837479195,-0.27310140254956233
-11,1.784971051468693,1.0279812999400955,-0.7569897515285975,1.0271793204664537,-0.4801568822561758
295,1.7835671445664065,0.9685628080410505,-0.815004336525356,0.2836050699291659,-0.5510364044221789
265,1.760790858478151,0.6478976653474874,-1.1128931931306636,0.4351586645252311,-0.26308003912774863
58,1.7553320394992176,0.33131928437421315,-1.4240127551250044,0.2629713775227297,-0.48567999715628996
255,1.7532192115448106,0.23420418810349808,-1.5190150234413125,0.13558227428581432,-0.6358848570515532
(HA2)108,1.7456123837692576,0.13130091849557465,-1.614311465273683,0.13130091849557465,-0.4616363325723632
229,1.7044322194452128,0.7896900587399573,-0.9147421607052556,0.4646452838372773,-0.3350348148161295
43,1.6792428007109539,0.2417546762652524,-1.4374881244457014,0.2417546762652524,-0.6681229294688957
303,1.6704743204966572,0.23199707015578208,-1.4384772503408751,0.2205179146575537,-0.2826246767156407
(HA2)31,1.655825648897861,0.38080747393502007,-1.275018174962841,0.38080747393502007,-0.6509455665917638
239,1.6515460250798895,1.388553203635243,-0.2629928214446466,0.5501484310504168,-0.2629928214446466
11,1.6309676564805657,0.9932011947546231,-0.6377664617259422,0.4196193752604202,-0.5961628548338496
127,1.6048275284416282,0.16646329071563254,-1.4383642377259958,0.12403751440824835,-0.7049087535449801
(HA2)194,1.6019563748993129,0.5907556580953619,-1.011200716803951,0.5907556580953619,-0.5334125519164028
197,1.5813843500399207,0.3207024466602903,-1.2606819033796306,0.22507491909991226,-0.465861037909773
151,1.573441585691805,0.6452697801119209,-0.9281718055798838,0.3398256941503617,-0.2631318078635822
120,1.562686461121672,0.3178528165934398,-1.244833644528232,0.20884429095668405,-0.7224480986500061
(HA2)8,1.55696687625424,0.8365549221851929,-0.7204119540690471,0.3243771806156657,-0.4360921077457365
16,1.536969792476051,1.2153817658788788,-0.3215880265971721,0.4656945753096641,-0.20205906445583055
284,1.5279514526724531,1.4299153185947069,-0.09803613407774626,0.5606637797869405,-0.09803613407774626
140,1.501821429380003,0.7256548439767077,-0.7761665854032953,0.24011652841625145,-0.30349898563033645
64,1.5008210078312507,0.521535114859864,-0.9792858929713868,0.233869645758056,-0.5706839355022637
256,1.4226032340324546,0.019893533674541174,-1.4027097003579134,0.019893533674541174,-0.3746696746800088
118,1.4176735268895357,0.8279815287849568,-0.5896919981045784,0.6682329070934411,-0.2629512861928545
(HA2)104,1.3675646399702228,0.5412754710242993,-0.8262891689459235,0.5184678333989313,-0.4929486969101018
154,1.3337675454075046,0.37143412921211416,-0.96233341619539,0.1246772218662095,-0.29747266711544085
105,1.2939844872365736,0.703614312185231,-0.5903701750513425,0.19831688976569253,-0.2630965553237701
150,1.293443951063942,0.7015860604916886,-0.5918578905722534,0.3977630325004908,-0.4855207776039928
61,1.2511404877268917,0.48634686100275804,-0.7647936267241338,0.26281915474549256,-0.3840158331876701
76,1.2222942553011757,0.06051630400825352,-1.1617779512929223,0.06051630400825352,-0.4586668322334399
136,1.190936845804565,0.2768418629436569,-0.9140949828609083,0.1548066772928079,-0.29928035549094234
(HA2)10,1.1547098881496798,0.6788373585524229,-0.4758725295972569,0.2895687098235163,-0.2772787330509241
146,1.145098972088947,0.7421908265109314,-0.40290814557801585,0.5189780009099938,-0.3204890470956254
134,1.1080100575931322,0.34792451721965456,-0.7600855403734776,0.1984182235177322,-0.3545638610554325
141,1.0548374958032873,0.3692069651323355,-0.6856305306709518,0.3692069651323355,-0.2875161473907579
(HA2)175,0.9477898512088923,0.12067975415605593,-0.8271100970528363,0.11688478214398135,-0.4290811051520537
153,0.8708716974656004,0.6068659051543912,-0.26400579231120935,0.4488915470829957,-0.2630662926123743
72,0.8490503834429091,0.22328382352290696,-0.6257665599200021,0.22328382352290696,-0.2734414110216316
178,0.76996789416829,0.5035792724934788,-0.26638862167481137,0.4110517141719504,-0.2635344845118768
286,0.7313008118577339,0.4916230510769767,-0.23967776078075717,0.3850846281881473,-0.2362100619591569
283,0.5312756660581135,0.29358591822502256,-0.2376897478330911,0.2576386688798105,-0.13863291062266322
71,0.5102255369362202,0.07660771484638237,-0.43361782208983796,0.07653435755747487,-0.2630990840794045
112,0.4928570911027004,0.22915315439966027,-0.2637039367030401,0.12402787112852312,-0.2629133421128968
(HA2)188,0.4818435994030667,0.0,-0.4818435994030667,0.0,-0.3935182868554397
